poll_time,event_slug,event_name,matchup_id,side,selection,row_kind,book_id,book,american,move_arrow,event_date
2026-10-05T03:05:38.175885+00:00,ufc-332-4330,UFC 332 Odds,44794,1,Natalia Silva,moneyline,29,Kalshi,-3487,▼,2026-10-04
2026-10-05T03:05:38.175885+00:00,ufc-332-4330,UFC 332 Odds,44794,1,Natalia Silva,moneyline,21,FanDuel,-198,▼,2026-10-04
2026-10-05T03:05:38.175885+00:00,ufc-332-4330,UFC 332 Odds,44794,1,Natalia Silva,moneyline,24,Caesars,-210,▼,2026-10-04
2026-10-05T03:05:38.175885+00:00,ufc-332-4330,UFC 332 Odds,44794,1,Natalia Silva,moneyline,25,BetRivers,-205,▼,2026-10-04
2026-10-05T03:05:38.175885+00:00,ufc-332-4330,UFC 332 Odds,44794,1,Natalia Silva,moneyline,20,BetWay,-225,,2026-10-04
2026-10-05T03:05:38.175885+00:00,ufc-332-4330,UFC 332 Odds,44794,1,Natalia Silva,moneyline,26,Unibet,-205,▼,2026-10-04
2026-10-05T03:05:38.175885+00:00,ufc-332-4330,UFC 332 Odds,44794,2,Wang Cong,moneyline,29,Kalshi,2236,▲,2026-10-04
2026-10-05T03:05:38.175885+00:00,ufc-332-4330,UFC 332 Odds,44794,2,Wang Cong,moneyline,21,FanDuel,166,▲,2026-10-04
2026-10-05T03:05:38.175885+00:00,ufc-332-4330,UFC 332 Odds,44794,2,Wang Cong,moneyline,24,Caesars,175,▲,2026-10-04
2026-10-05T03:05:38.175885+00:00,ufc-332-4330,UFC 332 Odds,44794,2,Wang Cong,moneyline,25,BetRivers,163,▲,2026-10-04
2026-10-05T03:05:38.175885+00:00,ufc-332-4330,UFC 332 Odds,44794,2,Wang Cong,moneyline,20,BetWay,175,,2026-10-04
2026-10-05T03:05:38.175885+00:00,ufc-332-4330,UFC 332 Odds,44794,2,Wang Cong,moneyline,26,Unibet,163,▲,2026-10-04
2026-10-05T03:05:38.175885+00:00,ufc-332-4330,UFC 332 Odds,44602,1,Deiveson Figueiredo,moneyline,29,Kalshi,1770,▲,2026-10-04
2026-10-05T03:05:38.175885+00:00,ufc-332-4330,UFC 332 Odds,44602,1,Deiveson Figueiredo,moneyline,21,FanDuel,490,▼,2026-10-04
2026-10-05T03:05:38.175885+00:00,ufc-332-4330,UFC 332 Odds,44602,1,Deiveson Figueiredo,moneyline,24,Caesars,500,▼,2026-10-04
2026-10-05T03:05:38.175885+00:00,ufc-332-4330,UFC 332 Odds,44602,1,Deiveson Figueiredo,moneyline,25,BetRivers,575,▲,2026-10-04
2026-10-05T03:05:38.175885+00:00,ufc-332-4330,UFC 332 Odds,44602,1,Deiveson Figueiredo,moneyline,20,BetWay,450,▲,2026-10-04
2026-10-05T03:05:38.175885+00:00,ufc-332-4330,UFC 332 Odds,44602,1,Deiveson Figueiredo,moneyline,26,Unibet,460,▲,2026-10-04
2026-10-05T03:05:38.175885+00:00,ufc-332-4330,UFC 332 Odds,44602,2,Payton Talbott,moneyline,29,Kalshi,-2588,▼,2026-10-04
2026-10-05T03:05:38.175885+00:00,ufc-332-4330,UFC 332 Odds,44602,2,Payton Talbott,moneyline,21,FanDuel,-670,▲,2026-10-04
2026-10-05T03:05:38.175885+00:00,ufc-332-4330,UFC 332 Odds,44602,2,Payton Talbott,moneyline,24,Caesars,-700,▲,2026-10-04
2026-10-05T03:05:38.175885+00:00,ufc-332-4330,UFC 332 Odds,44602,2,Payton Talbott,moneyline,25,BetRivers,-910,▼,2026-10-04
2026-10-05T03:05:38.175885+00:00,ufc-332-4330,UFC 332 Odds,44602,2,Payton Talbott,moneyline,20,BetWay,-649,,2026-10-04
2026-10-05T03:05:38.175885+00:00,ufc-332-4330,UFC 332 Odds,44602,2,Payton Talbott,moneyline,26,Unibet,-715,▼,2026-10-04
2026-10-05T03:05:38.175885+00:00,ufc-332-4330,UFC 332 Odds,45051,1,Esteban Ribovics,moneyline,29,Kalshi,-168,▲,2026-10-04
2026-10-05T03:05:38.175885+00:00,ufc-332-4330,UFC 332 Odds,45051,1,Esteban Ribovics,moneyline,21,FanDuel,-190,▲,2026-10-04
2026-10-05T03:05:38.175885+00:00,ufc-332-4330,UFC 332 Odds,45051,1,Esteban Ribovics,moneyline,24,Caesars,-190,▼,2026-10-04
2026-10-05T03:05:38.175885+00:00,ufc-332-4330,UFC 332 Odds,45051,1,Esteban Ribovics,moneyline,25,BetRivers,-210,▲,2026-10-04
2026-10-05T03:05:38.175885+00:00,ufc-332-4330,UFC 332 Odds,45051,1,Esteban Ribovics,moneyline,20,BetWay,-188,▲,2026-10-04
2026-10-05T03:05:38.175885+00:00,ufc-332-4330,UFC 332 Odds,45051,1,Esteban Ribovics,moneyline,26,Unibet,-210,▲,2026-10-04
2026-10-05T03:05:38.175885+00:00,ufc-332-4330,UFC 332 Odds,45051,2,King Green,moneyline,29,Kalshi,128,▼,2026-10-04
2026-10-05T03:05:38.175885+00:00,ufc-332-4330,UFC 332 Odds,45051,2,King Green,moneyline,21,FanDuel,160,▼,2026-10-04
2026-10-05T03:05:38.175885+00:00,ufc-332-4330,UFC 332 Odds,45051,2,King Green,moneyline,24,Caesars,160,▲,2026-10-04
2026-10-05T03:05:38.175885+00:00,ufc-332-4330,UFC 332 Odds,45051,2,King Green,moneyline,25,BetRivers,165,▼,2026-10-04
2026-10-05T03:05:38.175885+00:00,ufc-332-4330,UFC 332 Odds,45051,2,King Green,moneyline,20,BetWay,163,▼,2026-10-04
2026-10-05T03:05:38.175885+00:00,ufc-332-4330,UFC 332 Odds,45051,2,King Green,moneyline,26,Unibet,165,▼,2026-10-04
2026-10-05T03:05:38.175885+00:00,ufc-332-4330,UFC 332 Odds,45052,1,Khaos Williams,moneyline,29,Kalshi,4566,▲,2026-10-04
2026-10-05T03:05:38.175885+00:00,ufc-332-4330,UFC 332 Odds,45052,1,Khaos Williams,moneyline,21,FanDuel,184,▼,2026-10-04
2026-10-05T03:05:38.175885+00:00,ufc-332-4330,UFC 332 Odds,45052,1,Khaos Williams,moneyline,24,Caesars,175,▼,2026-10-04
2026-10-05T03:05:38.175885+00:00,ufc-332-4330,UFC 332 Odds,45052,1,Khaos Williams,moneyline,25,BetRivers,165,▼,2026-10-04
2026-10-05T03:05:38.175885+00:00,ufc-332-4330,UFC 332 Odds,45052,1,Khaos Williams,moneyline,20,BetWay,175,▼,2026-10-04
2026-10-05T03:05:38.175885+00:00,ufc-332-4330,UFC 332 Odds,45052,1,Khaos Williams,moneyline,26,Unibet,165,▼,2026-10-04
2026-10-05T03:05:38.175885+00:00,ufc-332-4330,UFC 332 Odds,45052,2,Roberto Soldic,moneyline,29,Kalshi,-10679,▼,2026-10-04
2026-10-05T03:05:38.175885+00:00,ufc-332-4330,UFC 332 Odds,45052,2,Roberto Soldic,moneyline,21,FanDuel,-220,▲,2026-10-04
2026-10-05T03:05:38.175885+00:00,ufc-332-4330,UFC 332 Odds,45052,2,Roberto Soldic,moneyline,24,Caesars,-210,▲,2026-10-04
2026-10-05T03:05:38.175885+00:00,ufc-332-4330,UFC 332 Odds,45052,2,Roberto Soldic,moneyline,25,BetRivers,-210,▲,2026-10-04
2026-10-05T03:05:38.175885+00:00,ufc-332-4330,UFC 332 Odds,45052,2,Roberto Soldic,moneyline,20,BetWay,-227,▲,2026-10-04
2026-10-05T03:05:38.175885+00:00,ufc-332-4330,UFC 332 Odds,45052,2,Roberto Soldic,moneyline,26,Unibet,-210,▲,2026-10-04
2026-10-05T03:05:38.175885+00:00,ufc-332-4330,UFC 332 Odds,45053,1,Ateba Gautier,moneyline,29,Kalshi,-307,▼,2026-10-04
2026-10-05T03:05:38.175885+00:00,ufc-332-4330,UFC 332 Odds,45053,1,Ateba Gautier,moneyline,21,FanDuel,-230,▲,2026-10-04
2026-10-05T03:05:38.175885+00:00,ufc-332-4330,UFC 332 Odds,45053,1,Ateba Gautier,moneyline,24,Caesars,-250,▼,2026-10-04
2026-10-05T03:05:38.175885+00:00,ufc-332-4330,UFC 332 Odds,45053,1,Ateba Gautier,moneyline,25,BetRivers,-250,▼,2026-10-04
2026-10-05T03:05:38.175885+00:00,ufc-332-4330,UFC 332 Odds,45053,1,Ateba Gautier,moneyline,20,BetWay,-225,▼,2026-10-04
2026-10-05T03:05:38.175885+00:00,ufc-332-4330,UFC 332 Odds,45053,1,Ateba Gautier,moneyline,26,Unibet,-250,▼,2026-10-04
2026-10-05T03:05:38.175885+00:00,ufc-332-4330,UFC 332 Odds,45053,2,Roman Kopylov,moneyline,29,Kalshi,252,▲,2026-10-04
2026-10-05T03:05:38.175885+00:00,ufc-332-4330,UFC 332 Odds,45053,2,Roman Kopylov,moneyline,21,FanDuel,190,▼,2026-10-04
2026-10-05T03:05:38.175885+00:00,ufc-332-4330,UFC 332 Odds,45053,2,Roman Kopylov,moneyline,24,Caesars,205,▲,2026-10-04
2026-10-05T03:05:38.175885+00:00,ufc-332-4330,UFC 332 Odds,45053,2,Roman Kopylov,moneyline,25,BetRivers,188,,2026-10-04
2026-10-05T03:05:38.175885+00:00,ufc-332-4330,UFC 332 Odds,45053,2,Roman Kopylov,moneyline,20,BetWay,175,▲,2026-10-04
2026-10-05T03:05:38.175885+00:00,ufc-332-4330,UFC 332 Odds,45053,2,Roman Kopylov,moneyline,26,Unibet,188,,2026-10-04
2026-10-05T03:05:38.175885+00:00,ufc-332-4378,UFC 332 Odds,45167,1,Brendan Allen,moneyline,21,FanDuel,-150,,2026-10-11
2026-10-05T03:05:38.175885+00:00,ufc-332-4378,UFC 332 Odds,45167,1,Brendan Allen,moneyline,24,Caesars,-135,▲,2026-10-11
2026-10-05T03:05:38.175885+00:00,ufc-332-4378,UFC 332 Odds,45167,1,Brendan Allen,moneyline,25,BetRivers,-137,▲,2026-10-11
2026-10-05T03:05:38.175885+00:00,ufc-332-4378,UFC 332 Odds,45167,1,Brendan Allen,moneyline,26,Unibet,-137,▲,2026-10-11
2026-10-05T03:05:38.175885+00:00,ufc-332-4378,UFC 332 Odds,45167,2,Christian Leroy Duncan,moneyline,21,FanDuel,118,,2026-10-11
2026-10-05T03:05:38.175885+00:00,ufc-332-4378,UFC 332 Odds,45167,2,Christian Leroy Duncan,moneyline,24,Caesars,115,▼,2026-10-11
2026-10-05T03:05:38.175885+00:00,ufc-332-4378,UFC 332 Odds,45167,2,Christian Leroy Duncan,moneyline,25,BetRivers,112,▼,2026-10-11
2026-10-05T03:05:38.175885+00:00,ufc-332-4378,UFC 332 Odds,45167,2,Christian Leroy Duncan,moneyline,26,Unibet,112,▼,2026-10-11
2026-10-05T03:05:38.175885+00:00,ufc-332-4378,UFC 332 Odds,45169,1,Jai Herbert,moneyline,21,FanDuel,148,,2026-10-11
2026-10-05T03:05:38.175885+00:00,ufc-332-4378,UFC 332 Odds,45169,1,Jai Herbert,moneyline,24,Caesars,170,▲,2026-10-11
2026-10-05T03:05:38.175885+00:00,ufc-332-4378,UFC 332 Odds,45169,1,Jai Herbert,moneyline,25,BetRivers,150,,2026-10-11
2026-10-05T03:05:38.175885+00:00,ufc-332-4378,UFC 332 Odds,45169,1,Jai Herbert,moneyline,26,Unibet,150,,2026-10-11
2026-10-05T03:05:38.175885+00:00,ufc-332-4378,UFC 332 Odds,45169,2,Matheus Camilo,moneyline,21,FanDuel,-192,,2026-10-11
2026-10-05T03:05:38.175885+00:00,ufc-332-4378,UFC 332 Odds,45169,2,Matheus Camilo,moneyline,24,Caesars,-205,▼,2026-10-11
2026-10-05T03:05:38.175885+00:00,ufc-332-4378,UFC 332 Odds,45169,2,Matheus Camilo,moneyline,25,BetRivers,-186,,2026-10-11
2026-10-05T03:05:38.175885+00:00,ufc-332-4378,UFC 332 Odds,45169,2,Matheus Camilo,moneyline,26,Unibet,-186,,2026-10-11
2026-10-05T03:05:38.175885+00:00,ufc-332-4378,UFC 332 Odds,45168,1,Ketlen Souza,moneyline,21,FanDuel,190,▲,2026-10-11
2026-10-05T03:05:38.175885+00:00,ufc-332-4378,UFC 332 Odds,45168,1,Ketlen Souza,moneyline,24,Caesars,200,▲,2026-10-11
2026-10-05T03:05:38.175885+00:00,ufc-332-4378,UFC 332 Odds,45168,1,Ketlen Souza,moneyline,25,BetRivers,180,▲,2026-10-11
2026-10-05T03:05:38.175885+00:00,ufc-332-4378,UFC 332 Odds,45168,1,Ketlen Souza,moneyline,26,Unibet,180,▲,2026-10-11
2026-10-05T03:05:38.175885+00:00,ufc-332-4378,UFC 332 Odds,45168,2,Loopy Godinez,moneyline,21,FanDuel,-250,▼,2026-10-11
2026-10-05T03:05:38.175885+00:00,ufc-332-4378,UFC 332 Odds,45168,2,Loopy Godinez,moneyline,24,Caesars,-240,▼,2026-10-11
2026-10-05T03:05:38.175885+00:00,ufc-332-4378,UFC 332 Odds,45168,2,Loopy Godinez,moneyline,25,BetRivers,-230,▼,2026-10-11
2026-10-05T03:05:38.175885+00:00,ufc-332-4378,UFC 332 Odds,45168,2,Loopy Godinez,moneyline,26,Unibet,-230,▼,2026-10-11
2026-10-05T03:05:38.175885+00:00,ufc-332-4378,UFC 332 Odds,45171,1,Gerald Meerschaert,moneyline,21,FanDuel,200,,2026-10-11
2026-10-05T03:05:38.175885+00:00,ufc-332-4378,UFC 332 Odds,45171,1,Gerald Meerschaert,moneyline,24,Caesars,205,,2026-10-11
2026-10-05T03:05:38.175885+00:00,ufc-332-4378,UFC 332 Odds,45171,1,Gerald Meerschaert,moneyline,25,BetRivers,215,▲,2026-10-11
2026-10-05T03:05:38.175885+00:00,ufc-332-4378,UFC 332 Odds,45171,1,Gerald Meerschaert,moneyline,26,Unibet,215,▲,2026-10-11
2026-10-05T03:05:38.175885+00:00,ufc-332-4378,UFC 332 Odds,45171,2,Julius Walker,moneyline,21,FanDuel,-265,,2026-10-11
2026-10-05T03:05:38.175885+00:00,ufc-332-4378,UFC 332 Odds,45171,2,Julius Walker,moneyline,24,Caesars,-250,,2026-10-11
2026-10-05T03:05:38.175885+00:00,ufc-332-4378,UFC 332 Odds,45171,2,Julius Walker,moneyline,25,BetRivers,-278,▼,2026-10-11
2026-10-05T03:05:38.175885+00:00,ufc-332-4378,UFC 332 Odds,45171,2,Julius Walker,moneyline,26,Unibet,-278,▼,2026-10-11
2026-10-05T03:05:38.175885+00:00,ufc-332-4378,UFC 332 Odds,45170,1,Andre Fili,moneyline,21,FanDuel,-156,▲,2026-10-11
2026-10-05T03:05:38.175885+00:00,ufc-332-4378,UFC 332 Odds,45170,1,Andre Fili,moneyline,24,Caesars,-150,,2026-10-11
2026-10-05T03:05:38.175885+00:00,ufc-332-4378,UFC 332 Odds,45170,1,Andre Fili,moneyline,25,BetRivers,-143,,2026-10-11
2026-10-05T03:05:38.175885+00:00,ufc-332-4378,UFC 332 Odds,45170,1,Andre Fili,moneyline,26,Unibet,-143,,2026-10-11
2026-10-05T03:05:38.175885+00:00,ufc-332-4378,UFC 332 Odds,45170,2,Kai Kamaka III,moneyline,21,FanDuel,122,▼,2026-10-11
2026-10-05T03:05:38.175885+00:00,ufc-332-4378,UFC 332 Odds,45170,2,Kai Kamaka III,moneyline,24,Caesars,125,,2026-10-11
2026-10-05T03:05:38.175885+00:00,ufc-332-4378,UFC 332 Odds,45170,2,Kai Kamaka III,moneyline,25,BetRivers,116,,2026-10-11
2026-10-05T03:05:38.175885+00:00,ufc-332-4378,UFC 332 Odds,45170,2,Kai Kamaka III,moneyline,26,Unibet,116,,2026-10-11
2026-10-05T03:05:38.175885+00:00,ufc-332-4378,UFC 332 Odds,45172,1,Malcolm Wellmaker,moneyline,21,FanDuel,-235,▼,2026-10-11
2026-10-05T03:05:38.175885+00:00,ufc-332-4378,UFC 332 Odds,45172,1,Malcolm Wellmaker,moneyline,24,Caesars,-225,▼,2026-10-11
2026-10-05T03:05:38.175885+00:00,ufc-332-4378,UFC 332 Odds,45172,1,Malcolm Wellmaker,moneyline,25,BetRivers,-215,,2026-10-11
2026-10-05T03:05:38.175885+00:00,ufc-332-4378,UFC 332 Odds,45172,1,Malcolm Wellmaker,moneyline,26,Unibet,-215,,2026-10-11
2026-10-05T03:05:38.175885+00:00,ufc-332-4378,UFC 332 Odds,45172,2,Otari Tanzilovi,moneyline,21,FanDuel,180,▲,2026-10-11
2026-10-05T03:05:38.175885+00:00,ufc-332-4378,UFC 332 Odds,45172,2,Otari Tanzilovi,moneyline,24,Caesars,185,▲,2026-10-11
2026-10-05T03:05:38.175885+00:00,ufc-332-4378,UFC 332 Odds,45172,2,Otari Tanzilovi,moneyline,25,BetRivers,170,,2026-10-11
2026-10-05T03:05:38.175885+00:00,ufc-332-4378,UFC 332 Odds,45172,2,Otari Tanzilovi,moneyline,26,Unibet,170,,2026-10-11
2026-10-05T03:05:38.175885+00:00,ufc-332-4378,UFC 332 Odds,45173,1,Francisco Prado,moneyline,21,FanDuel,100,,2026-10-11
2026-10-05T03:05:38.175885+00:00,ufc-332-4378,UFC 332 Odds,45173,1,Francisco Prado,moneyline,24,Caesars,105,,2026-10-11
2026-10-05T03:05:38.175885+00:00,ufc-332-4378,UFC 332 Odds,45173,1,Francisco Prado,moneyline,25,BetRivers,104,,2026-10-11
2026-10-05T03:05:38.175885+00:00,ufc-332-4378,UFC 332 Odds,45173,1,Francisco Prado,moneyline,26,Unibet,104,,2026-10-11
2026-10-05T03:05:38.175885+00:00,ufc-332-4378,UFC 332 Odds,45173,2,Ismael Bonfim,moneyline,21,FanDuel,-128,,2026-10-11
2026-10-05T03:05:38.175885+00:00,ufc-332-4378,UFC 332 Odds,45173,2,Ismael Bonfim,moneyline,24,Caesars,-125,,2026-10-11
2026-10-05T03:05:38.175885+00:00,ufc-332-4378,UFC 332 Odds,45173,2,Ismael Bonfim,moneyline,25,BetRivers,-129,,2026-10-11
2026-10-05T03:05:38.175885+00:00,ufc-332-4378,UFC 332 Odds,45173,2,Ismael Bonfim,moneyline,26,Unibet,-129,,2026-10-11
2026-10-05T03:05:38.175885+00:00,ufc-332-4378,UFC 332 Odds,45176,1,Brendson Ribeiro,moneyline,21,FanDuel,250,,2026-10-11
2026-10-05T03:05:38.175885+00:00,ufc-332-4378,UFC 332 Odds,45176,1,Brendson Ribeiro,moneyline,24,Caesars,265,▲,2026-10-11
2026-10-05T03:05:38.175885+00:00,ufc-332-4378,UFC 332 Odds,45176,1,Brendson Ribeiro,moneyline,25,BetRivers,250,,2026-10-11
2026-10-05T03:05:38.175885+00:00,ufc-332-4378,UFC 332 Odds,45176,1,Brendson Ribeiro,moneyline,26,Unibet,250,,2026-10-11
2026-10-05T03:05:38.175885+00:00,ufc-332-4378,UFC 332 Odds,45176,2,Felipe Franco,moneyline,21,FanDuel,-340,,2026-10-11
2026-10-05T03:05:38.175885+00:00,ufc-332-4378,UFC 332 Odds,45176,2,Felipe Franco,moneyline,24,Caesars,-340,▼,2026-10-11
2026-10-05T03:05:38.175885+00:00,ufc-332-4378,UFC 332 Odds,45176,2,Felipe Franco,moneyline,25,BetRivers,-335,,2026-10-11
2026-10-05T03:05:38.175885+00:00,ufc-332-4378,UFC 332 Odds,45176,2,Felipe Franco,moneyline,26,Unibet,-335,,2026-10-11
2026-10-05T03:05:38.175885+00:00,ufc-332-4378,UFC 332 Odds,45174,1,Allen Frye Jr.,moneyline,21,FanDuel,196,▲,2026-10-11
2026-10-05T03:05:38.175885+00:00,ufc-332-4378,UFC 332 Odds,45174,1,Allen Frye Jr.,moneyline,24,Caesars,205,▲,2026-10-11
2026-10-05T03:05:38.175885+00:00,ufc-332-4378,UFC 332 Odds,45174,1,Allen Frye Jr.,moneyline,25,BetRivers,205,▲,2026-10-11
2026-10-05T03:05:38.175885+00:00,ufc-332-4378,UFC 332 Odds,45174,1,Allen Frye Jr.,moneyline,26,Unibet,205,▲,2026-10-11
2026-10-05T03:05:38.175885+00:00,ufc-332-4378,UFC 332 Odds,45174,2,Rj Harris,moneyline,21,FanDuel,-260,▼,2026-10-11
2026-10-05T03:05:38.175885+00:00,ufc-332-4378,UFC 332 Odds,45174,2,Rj Harris,moneyline,24,Caesars,-250,▼,2026-10-11
2026-10-05T03:05:38.175885+00:00,ufc-332-4378,UFC 332 Odds,45174,2,Rj Harris,moneyline,25,BetRivers,-265,▼,2026-10-11
2026-10-05T03:05:38.175885+00:00,ufc-332-4378,UFC 332 Odds,45174,2,Rj Harris,moneyline,26,Unibet,-265,▼,2026-10-11
2026-10-05T03:05:38.175885+00:00,ufc-332-4378,UFC 332 Odds,45175,1,Alice Pereira,moneyline,21,FanDuel,-138,,2026-10-11
2026-10-05T03:05:38.175885+00:00,ufc-332-4378,UFC 332 Odds,45175,1,Alice Pereira,moneyline,24,Caesars,-150,▼,2026-10-11
2026-10-05T03:05:38.175885+00:00,ufc-332-4378,UFC 332 Odds,45175,1,Alice Pereira,moneyline,25,BetRivers,-132,,2026-10-11
2026-10-05T03:05:38.175885+00:00,ufc-332-4378,UFC 332 Odds,45175,1,Alice Pereira,moneyline,26,Unibet,-132,,2026-10-11
2026-10-05T03:05:38.175885+00:00,ufc-332-4378,UFC 332 Odds,45175,2,Darya Zheleznyakova,moneyline,21,FanDuel,108,,2026-10-11
2026-10-05T03:05:38.175885+00:00,ufc-332-4378,UFC 332 Odds,45175,2,Darya Zheleznyakova,moneyline,24,Caesars,125,▲,2026-10-11
2026-10-05T03:05:38.175885+00:00,ufc-332-4378,UFC 332 Odds,45175,2,Darya Zheleznyakova,moneyline,25,BetRivers,107,,2026-10-11
2026-10-05T03:05:38.175885+00:00,ufc-332-4378,UFC 332 Odds,45175,2,Darya Zheleznyakova,moneyline,26,Unibet,107,,2026-10-11
2026-10-05T03:05:38.175885+00:00,ufc-332-4378,UFC 332 Odds,45179,1,Leon Shahbazyan,moneyline,24,Caesars,-150,▼,2026-10-11
2026-10-05T03:05:38.175885+00:00,ufc-332-4378,UFC 332 Odds,45179,1,Leon Shahbazyan,moneyline,25,BetRivers,-157,▲,2026-10-11
2026-10-05T03:05:38.175885+00:00,ufc-332-4378,UFC 332 Odds,45179,1,Leon Shahbazyan,moneyline,26,Unibet,-157,▲,2026-10-11
2026-10-05T03:05:38.175885+00:00,ufc-332-4378,UFC 332 Odds,45179,2,Niko Price,moneyline,24,Caesars,125,▲,2026-10-11
2026-10-05T03:05:38.175885+00:00,ufc-332-4378,UFC 332 Odds,45179,2,Niko Price,moneyline,25,BetRivers,125,▼,2026-10-11
2026-10-05T03:05:38.175885+00:00,ufc-332-4378,UFC 332 Odds,45179,2,Niko Price,moneyline,26,Unibet,125,▼,2026-10-11
2026-10-05T03:05:38.175885+00:00,ufc-332-4378,UFC 332 Odds,45177,1,Ernesta Kareckaite,moneyline,21,FanDuel,106,▼,2026-10-11
2026-10-05T03:05:38.175885+00:00,ufc-332-4378,UFC 332 Odds,45177,1,Ernesta Kareckaite,moneyline,24,Caesars,105,▼,2026-10-11
2026-10-05T03:05:38.175885+00:00,ufc-332-4378,UFC 332 Odds,45177,1,Ernesta Kareckaite,moneyline,25,BetRivers,107,▼,2026-10-11
2026-10-05T03:05:38.175885+00:00,ufc-332-4378,UFC 332 Odds,45177,1,Ernesta Kareckaite,moneyline,26,Unibet,107,▼,2026-10-11
2026-10-05T03:05:38.175885+00:00,ufc-332-4378,UFC 332 Odds,45177,2,Melissa Gatto,moneyline,21,FanDuel,-136,▲,2026-10-11
2026-10-05T03:05:38.175885+00:00,ufc-332-4378,UFC 332 Odds,45177,2,Melissa Gatto,moneyline,24,Caesars,-125,▲,2026-10-11
2026-10-05T03:05:38.175885+00:00,ufc-332-4378,UFC 332 Odds,45177,2,Melissa Gatto,moneyline,25,BetRivers,-132,▲,2026-10-11
2026-10-05T03:05:38.175885+00:00,ufc-332-4378,UFC 332 Odds,45177,2,Melissa Gatto,moneyline,26,Unibet,-132,▲,2026-10-11
2026-10-05T03:05:38.175885+00:00,ufc-333-4321,UFC 333 Odds,44524,1,Alexander Volkanovski,moneyline,21,FanDuel,-113,,2026-10-24
2026-10-05T03:05:38.175885+00:00,ufc-333-4321,UFC 333 Odds,44524,1,Alexander Volkanovski,moneyline,24,Caesars,100,▲,2026-10-24
2026-10-05T03:05:38.175885+00:00,ufc-333-4321,UFC 333 Odds,44524,1,Alexander Volkanovski,moneyline,25,BetRivers,-112,▲,2026-10-24
2026-10-05T03:05:38.175885+00:00,ufc-333-4321,UFC 333 Odds,44524,1,Alexander Volkanovski,moneyline,20,BetWay,-110,▲,2026-10-24
2026-10-05T03:05:38.175885+00:00,ufc-333-4321,UFC 333 Odds,44524,1,Alexander Volkanovski,moneyline,26,Unibet,-112,▲,2026-10-24
2026-10-05T03:05:38.175885+00:00,ufc-333-4321,UFC 333 Odds,44524,2,Movsar Evloev,moneyline,21,FanDuel,-113,,2026-10-24
2026-10-05T03:05:38.175885+00:00,ufc-333-4321,UFC 333 Odds,44524,2,Movsar Evloev,moneyline,24,Caesars,-130,▼,2026-10-24
2026-10-05T03:05:38.175885+00:00,ufc-333-4321,UFC 333 Odds,44524,2,Movsar Evloev,moneyline,25,BetRivers,-112,▼,2026-10-24
2026-10-05T03:05:38.175885+00:00,ufc-333-4321,UFC 333 Odds,44524,2,Movsar Evloev,moneyline,20,BetWay,-110,▼,2026-10-24
2026-10-05T03:05:38.175885+00:00,ufc-333-4321,UFC 333 Odds,44524,2,Movsar Evloev,moneyline,26,Unibet,-112,▼,2026-10-24
2026-10-05T03:05:38.175885+00:00,ufc-333-4321,UFC 333 Odds,41066,1,Merab Dvalishvili,moneyline,21,FanDuel,140,▲,2026-10-24
2026-10-05T03:05:38.175885+00:00,ufc-333-4321,UFC 333 Odds,41066,1,Merab Dvalishvili,moneyline,24,Caesars,145,▼,2026-10-24
2026-10-05T03:05:38.175885+00:00,ufc-333-4321,UFC 333 Odds,41066,1,Merab Dvalishvili,moneyline,25,BetRivers,140,▼,2026-10-24
2026-10-05T03:05:38.175885+00:00,ufc-333-4321,UFC 333 Odds,41066,1,Merab Dvalishvili,moneyline,20,BetWay,150,▼,2026-10-24
2026-10-05T03:05:38.175885+00:00,ufc-333-4321,UFC 333 Odds,41066,1,Merab Dvalishvili,moneyline,26,Unibet,140,▼,2026-10-24
2026-10-05T03:05:38.175885+00:00,ufc-333-4321,UFC 333 Odds,41066,2,Petr Yan,moneyline,21,FanDuel,-172,▼,2026-10-24
2026-10-05T03:05:38.175885+00:00,ufc-333-4321,UFC 333 Odds,41066,2,Petr Yan,moneyline,24,Caesars,-190,,2026-10-24
2026-10-05T03:05:38.175885+00:00,ufc-333-4321,UFC 333 Odds,41066,2,Petr Yan,moneyline,25,BetRivers,-177,▲,2026-10-24
2026-10-05T03:05:38.175885+00:00,ufc-333-4321,UFC 333 Odds,41066,2,Petr Yan,moneyline,20,BetWay,-188,▲,2026-10-24
2026-10-05T03:05:38.175885+00:00,ufc-333-4321,UFC 333 Odds,41066,2,Petr Yan,moneyline,26,Unibet,-177,▲,2026-10-24
2026-10-05T03:05:38.175885+00:00,ufc-334-4370,UFC 334 Odds,43676,1,Ciryl Gane,moneyline,21,FanDuel,-265,▼,2026-11-15
2026-10-05T03:05:38.175885+00:00,ufc-334-4370,UFC 334 Odds,43676,1,Ciryl Gane,moneyline,24,Caesars,-275,▼,2026-11-15
2026-10-05T03:05:38.175885+00:00,ufc-334-4370,UFC 334 Odds,43676,1,Ciryl Gane,moneyline,25,BetRivers,-265,▲,2026-11-15
2026-10-05T03:05:38.175885+00:00,ufc-334-4370,UFC 334 Odds,43676,1,Ciryl Gane,moneyline,20,BetWay,-275,▲,2026-11-15
2026-10-05T03:05:38.175885+00:00,ufc-334-4370,UFC 334 Odds,43676,1,Ciryl Gane,moneyline,26,Unibet,-265,▲,2026-11-15
2026-10-05T03:05:38.175885+00:00,ufc-334-4370,UFC 334 Odds,43676,2,Josh Hokit,moneyline,21,FanDuel,200,▲,2026-11-15
2026-10-05T03:05:38.175885+00:00,ufc-334-4370,UFC 334 Odds,43676,2,Josh Hokit,moneyline,24,Caesars,200,▲,2026-11-15
2026-10-05T03:05:38.175885+00:00,ufc-334-4370,UFC 334 Odds,43676,2,Josh Hokit,moneyline,25,BetRivers,205,▼,2026-11-15
2026-10-05T03:05:38.175885+00:00,ufc-334-4370,UFC 334 Odds,43676,2,Josh Hokit,moneyline,20,BetWay,210,▼,2026-11-15
2026-10-05T03:05:38.175885+00:00,ufc-334-4370,UFC 334 Odds,43676,2,Josh Hokit,moneyline,26,Unibet,205,▼,2026-11-15
2026-10-05T03:05:38.175885+00:00,ufc-334-4370,UFC 334 Odds,44985,1,Amanda Nunes,moneyline,21,FanDuel,162,,2026-11-15
2026-10-05T03:05:38.175885+00:00,ufc-334-4370,UFC 334 Odds,44985,1,Amanda Nunes,moneyline,24,Caesars,150,▲,2026-11-15
2026-10-05T03:05:38.175885+00:00,ufc-334-4370,UFC 334 Odds,44985,1,Amanda Nunes,moneyline,25,BetRivers,163,,2026-11-15
2026-10-05T03:05:38.175885+00:00,ufc-334-4370,UFC 334 Odds,44985,1,Amanda Nunes,moneyline,20,BetWay,163,,2026-11-15
2026-10-05T03:05:38.175885+00:00,ufc-334-4370,UFC 334 Odds,44985,1,Amanda Nunes,moneyline,26,Unibet,163,,2026-11-15
2026-10-05T03:05:38.175885+00:00,ufc-334-4370,UFC 334 Odds,44985,2,Kayla Harrison,moneyline,21,FanDuel,-210,,2026-11-15
2026-10-05T03:05:38.175885+00:00,ufc-334-4370,UFC 334 Odds,44985,2,Kayla Harrison,moneyline,24,Caesars,-200,▼,2026-11-15
2026-10-05T03:05:38.175885+00:00,ufc-334-4370,UFC 334 Odds,44985,2,Kayla Harrison,moneyline,25,BetRivers,-205,,2026-11-15
2026-10-05T03:05:38.175885+00:00,ufc-334-4370,UFC 334 Odds,44985,2,Kayla Harrison,moneyline,20,BetWay,-200,,2026-11-15
2026-10-05T03:05:38.175885+00:00,ufc-334-4370,UFC 334 Odds,44985,2,Kayla Harrison,moneyline,26,Unibet,-205,,2026-11-15
2026-10-05T03:05:38.175885+00:00,ufc-335-4394,UFC 335 Odds,45182,1,Bo Nickal,moneyline,25,BetRivers,112,,2026-12-13
2026-10-05T03:05:38.175885+00:00,ufc-335-4394,UFC 335 Odds,45182,1,Bo Nickal,moneyline,26,Unibet,112,,2026-12-13
2026-10-05T03:05:38.175885+00:00,ufc-335-4394,UFC 335 Odds,45182,2,Joe Pyfer,moneyline,25,BetRivers,-137,,2026-12-13
2026-10-05T03:05:38.175885+00:00,ufc-335-4394,UFC 335 Odds,45182,2,Joe Pyfer,moneyline,26,Unibet,-137,,2026-12-13
2026-10-05T03:05:38.175885+00:00,ufc-335-4394,UFC 335 Odds,45180,1,Charles Oliveira,moneyline,24,Caesars,-190,,2026-12-13
2026-10-05T03:05:38.175885+00:00,ufc-335-4394,UFC 335 Odds,45180,1,Charles Oliveira,moneyline,25,BetRivers,-165,▲,2026-12-13
2026-10-05T03:05:38.175885+00:00,ufc-335-4394,UFC 335 Odds,45180,1,Charles Oliveira,moneyline,26,Unibet,-165,▲,2026-12-13
2026-10-05T03:05:38.175885+00:00,ufc-335-4394,UFC 335 Odds,45180,2,Diego Lopes,moneyline,24,Caesars,145,,2026-12-13
2026-10-05T03:05:38.175885+00:00,ufc-335-4394,UFC 335 Odds,45180,2,Diego Lopes,moneyline,25,BetRivers,132,▼,2026-12-13
2026-10-05T03:05:38.175885+00:00,ufc-335-4394,UFC 335 Odds,45180,2,Diego Lopes,moneyline,26,Unibet,132,▼,2026-12-13
2026-10-05T03:05:38.175885+00:00,ufc-335-4394,UFC 335 Odds,45181,1,Alex Pereira,moneyline,24,Caesars,110,,2026-12-13
2026-10-05T03:05:38.175885+00:00,ufc-335-4394,UFC 335 Odds,45181,1,Alex Pereira,moneyline,25,BetRivers,138,,2026-12-13
2026-10-05T03:05:38.175885+00:00,ufc-335-4394,UFC 335 Odds,45181,1,Alex Pereira,moneyline,26,Unibet,138,,2026-12-13
2026-10-05T03:05:38.175885+00:00,ufc-335-4394,UFC 335 Odds,45181,2,Sergei Pavlovich,moneyline,24,Caesars,-140,,2026-12-13
2026-10-05T03:05:38.175885+00:00,ufc-335-4394,UFC 335 Odds,45181,2,Sergei Pavlovich,moneyline,25,BetRivers,-175,,2026-12-13
2026-10-05T03:05:38.175885+00:00,ufc-335-4394,UFC 335 Odds,45181,2,Sergei Pavlovich,moneyline,26,Unibet,-175,,2026-12-13
