poll_time,pair,fight_slug,event_date,event_name,book,dec1,dec2,amer1,amer2,quote_ts,age_h
2026-08-11T19:38:29.582663+00:00,abe alsaghir|fabrizio escarrega,abe-alsaghir-vs-fabrizio-escarrega-79590,2026-08-11,Contender Series 2026: Week 1,BetOnline,2.1,1.6667,+110,-150,2026-08-10T19:24:36.761541+00:00,24.23
2026-08-11T19:38:29.582663+00:00,abe alsaghir|fabrizio escarrega,abe-alsaghir-vs-fabrizio-escarrega-79590,2026-08-11,Contender Series 2026: Week 1,Bookmaker,1.9709,1.7874,-103,-127,2026-08-10T19:15:34.980738+00:00,24.38
2026-08-11T19:38:29.582663+00:00,abe alsaghir|fabrizio escarrega,abe-alsaghir-vs-fabrizio-escarrega-79590,2026-08-11,Contender Series 2026: Week 1,Stake,1.9615,1.7519,-104,-133,2026-08-10T17:39:25.215565+00:00,25.98
2026-08-11T19:38:29.582663+00:00,ananias mulumba|tom pagliarulo,ananias-mulumba-vs-tom-pagliarulo-79652,2026-08-11,Contender Series 2026: Week 1,BetOnline,1.7407,1.9524,-135,-105,2026-08-10T19:46:39.093536+00:00,23.86
2026-08-11T19:38:29.582663+00:00,ananias mulumba|tom pagliarulo,ananias-mulumba-vs-tom-pagliarulo-79652,2026-08-11,Contender Series 2026: Week 1,Bookmaker,1.7194,2.09,-139,+109,2026-08-10T19:30:38.568092+00:00,24.13
2026-08-11T19:38:29.582663+00:00,ananias mulumba|tom pagliarulo,ananias-mulumba-vs-tom-pagliarulo-79652,2026-08-11,Contender Series 2026: Week 1,Stake,1.6494,2.12,-154,+112,2026-08-10T02:40:07.256045+00:00,40.97
2026-08-11T19:38:29.582663+00:00,anthony wint|matt adams,anthony-wint-vs-matt-adams-77973,2026-08-11,Contender Series 2026: Week 1,BetOnline,1.1111,6.0,-900,+500,2026-08-10T15:15:54.070704+00:00,28.38
2026-08-11T19:38:29.582663+00:00,anthony wint|matt adams,anthony-wint-vs-matt-adams-77973,2026-08-11,Contender Series 2026: Week 1,Bookmaker,1.1176,6.24,-850,+524,2026-08-09T15:15:28.632347+00:00,52.38
2026-08-11T19:38:29.582663+00:00,anthony wint|matt adams,anthony-wint-vs-matt-adams-77973,2026-08-11,Contender Series 2026: Week 1,Stake,1.08,6.6,-1250,+560,2026-08-10T02:40:07.349138+00:00,40.97
2026-08-11T19:38:29.582663+00:00,bilal hasan|mridul saikia,bilal-hasan-vs-mridul-saikia-77936,2026-08-11,Contender Series 2026: Week 1,BetOnline,1.05,8.0,-2000,+700,2026-08-07T22:17:23.423885+00:00,93.35
2026-08-11T19:38:29.582663+00:00,bilal hasan|mridul saikia,bilal-hasan-vs-mridul-saikia-77936,2026-08-11,Contender Series 2026: Week 1,Bookmaker,1.0488,9.85,-2050,+885,2026-08-09T19:00:31.483941+00:00,48.63
2026-08-11T19:38:29.582663+00:00,bilal hasan|mridul saikia,bilal-hasan-vs-mridul-saikia-77936,2026-08-11,Contender Series 2026: Week 1,Stake,1.04,8.6,-2500,+760,2026-08-10T02:40:07.294991+00:00,40.97
2026-08-11T19:38:29.582663+00:00,jonathan kunneman|joseph kropschot,joseph-kropschot-vs-jonathan-kunneman-77935,2026-08-11,Contender Series 2026: Week 1,BetOnline,1.3922,3.11,-255,+211,2026-08-10T22:47:33.416022+00:00,20.85
2026-08-11T19:38:29.582663+00:00,jonathan kunneman|joseph kropschot,joseph-kropschot-vs-jonathan-kunneman-77935,2026-08-11,Contender Series 2026: Week 1,Bookmaker,1.4082,2.9,-245,+190,2026-08-10T20:15:29.550524+00:00,23.38
2026-08-11T19:38:29.582663+00:00,jonathan kunneman|joseph kropschot,joseph-kropschot-vs-jonathan-kunneman-77935,2026-08-11,Contender Series 2026: Week 1,Stake,1.3003,3.2,-333,+220,2026-08-10T21:41:48.669703+00:00,21.94
2026-08-11T19:38:29.582663+00:00,charles johnson|jose ochoa,charles-johnson-vs-jose-ochoa-80020,2026-08-15,UFC 330: Makhachev vs. Machado Garry,Bet105,4.37,1.2353,+337,-425,2026-08-10T18:26:16.239675+00:00,25.2
2026-08-11T19:38:29.582663+00:00,charles johnson|jose ochoa,charles-johnson-vs-jose-ochoa-80020,2026-08-15,UFC 330: Makhachev vs. Machado Garry,BetOnline,4.3,1.2381,+330,-420,2026-08-10T23:01:16.231980+00:00,20.62
2026-08-11T19:38:29.582663+00:00,charles johnson|jose ochoa,charles-johnson-vs-jose-ochoa-80020,2026-08-15,UFC 330: Makhachev vs. Machado Garry,Bookmaker,4.0,1.25,+300,-400,2026-08-10T23:45:43.929090+00:00,19.88
2026-08-11T19:38:29.582663+00:00,charles johnson|jose ochoa,charles-johnson-vs-jose-ochoa-80020,2026-08-15,UFC 330: Makhachev vs. Machado Garry,Pinnacle,4.37,1.2353,+337,-425,2026-08-10T18:27:57.129284+00:00,25.18
2026-08-11T19:38:29.582663+00:00,charles johnson|jose ochoa,charles-johnson-vs-jose-ochoa-80020,2026-08-15,UFC 330: Makhachev vs. Machado Garry,Stake,4.3,1.2398,+330,-417,2026-08-10T20:38:56.583031+00:00,22.99
2026-08-11T19:38:29.582663+00:00,chidi njokuani|joel alvarez,joel-alvarez-vs-chidi-njokuani-80608,2026-08-15,UFC 330: Makhachev vs. Machado Garry,BetOnline,3.07,1.4,+207,-250,2026-08-10T23:01:16.359997+00:00,20.62
2026-08-11T19:38:29.582663+00:00,chidi njokuani|joel alvarez,joel-alvarez-vs-chidi-njokuani-80608,2026-08-15,UFC 330: Makhachev vs. Machado Garry,Bookmaker,3.05,1.3846,+205,-260,2026-08-10T23:45:43.997334+00:00,19.88
2026-08-11T19:38:29.582663+00:00,chidi njokuani|joel alvarez,joel-alvarez-vs-chidi-njokuani-80608,2026-08-15,UFC 330: Makhachev vs. Machado Garry,Stake,3.1,1.3906,+210,-256,2026-08-10T20:38:56.576662+00:00,22.99
2026-08-11T19:38:29.582663+00:00,donte johnson|eric mcconico,donte-johnson-vs-eric-mcconico-80309,2026-08-15,UFC 330: Makhachev vs. Machado Garry,Bet105,1.4739,2.78,-211,+178,2026-08-10T15:13:40.082881+00:00,28.41
2026-08-11T19:38:29.582663+00:00,donte johnson|eric mcconico,donte-johnson-vs-eric-mcconico-80309,2026-08-15,UFC 330: Makhachev vs. Machado Garry,BetOnline,1.4545,2.86,-220,+186,2026-08-10T22:35:41.427394+00:00,21.05
2026-08-11T19:38:29.582663+00:00,donte johnson|eric mcconico,donte-johnson-vs-eric-mcconico-80309,2026-08-15,UFC 330: Makhachev vs. Machado Garry,Bookmaker,1.4167,2.91,-240,+191,2026-08-10T16:45:43.202669+00:00,26.88
2026-08-11T19:38:29.582663+00:00,donte johnson|eric mcconico,donte-johnson-vs-eric-mcconico-80309,2026-08-15,UFC 330: Makhachev vs. Machado Garry,Pinnacle,1.4739,2.78,-211,+178,2026-08-10T23:22:06.808784+00:00,20.27
2026-08-11T19:38:29.582663+00:00,donte johnson|eric mcconico,donte-johnson-vs-eric-mcconico-80309,2026-08-15,UFC 330: Makhachev vs. Machado Garry,Stake,1.4505,2.85,-222,+185,2026-08-10T23:39:01.558595+00:00,19.99
2026-08-11T19:38:29.582663+00:00,dustin stoltzfus|mansur abdul malik,mansur-abdul-malik-vs-dustin-stoltzfus-79270,2026-08-15,UFC 330: Makhachev vs. Machado Garry,Bet105,5.13,1.1859,+413,-538,2026-08-04T18:19:02.913584+00:00,169.32
2026-08-11T19:38:29.582663+00:00,dustin stoltzfus|mansur abdul malik,mansur-abdul-malik-vs-dustin-stoltzfus-79270,2026-08-15,UFC 330: Makhachev vs. Machado Garry,BetOnline,5.76,1.1538,+476,-650,2026-08-10T21:29:44.319626+00:00,22.15
2026-08-11T19:38:29.582663+00:00,dustin stoltzfus|mansur abdul malik,mansur-abdul-malik-vs-dustin-stoltzfus-79270,2026-08-15,UFC 330: Makhachev vs. Machado Garry,Bookmaker,5.3,1.161,+430,-621,2026-08-10T23:45:43.877041+00:00,19.88
2026-08-11T19:38:29.582663+00:00,dustin stoltzfus|mansur abdul malik,mansur-abdul-malik-vs-dustin-stoltzfus-79270,2026-08-15,UFC 330: Makhachev vs. Machado Garry,Pinnacle,5.13,1.1859,+413,-538,2026-08-04T18:26:06.461284+00:00,169.21
2026-08-11T19:38:29.582663+00:00,dustin stoltzfus|mansur abdul malik,mansur-abdul-malik-vs-dustin-stoltzfus-79270,2026-08-15,UFC 330: Makhachev vs. Machado Garry,Stake,5.8,1.1499,+480,-667,2026-08-10T22:39:56.386686+00:00,20.98
2026-08-11T19:38:29.582663+00:00,edson barboza|esteban ribovics,esteban-ribovics-vs-edson-barboza-79120,2026-08-15,UFC 330: Makhachev vs. Machado Garry,Bet105,4.98,1.1938,+398,-516,2026-08-10T22:13:48.674368+00:00,21.41
2026-08-11T19:38:29.582663+00:00,edson barboza|esteban ribovics,esteban-ribovics-vs-edson-barboza-79120,2026-08-15,UFC 330: Makhachev vs. Machado Garry,BetOnline,5.15,1.1818,+415,-550,2026-08-10T20:52:30.148471+00:00,22.77
2026-08-11T19:38:29.582663+00:00,edson barboza|esteban ribovics,esteban-ribovics-vs-edson-barboza-79120,2026-08-15,UFC 330: Makhachev vs. Machado Garry,Bookmaker,4.67,1.1961,+367,-510,2026-08-10T23:45:43.856640+00:00,19.88
2026-08-11T19:38:29.582663+00:00,edson barboza|esteban ribovics,esteban-ribovics-vs-edson-barboza-79120,2026-08-15,UFC 330: Makhachev vs. Machado Garry,Pinnacle,4.98,1.1938,+398,-516,2026-08-10T22:52:30.934403+00:00,20.77
2026-08-11T19:38:29.582663+00:00,edson barboza|esteban ribovics,esteban-ribovics-vs-edson-barboza-79120,2026-08-15,UFC 330: Makhachev vs. Machado Garry,Stake,5.2,1.1799,+420,-556,2026-08-10T21:41:48.486232+00:00,21.94
2026-08-11T19:38:29.582663+00:00,gillian robertson|mackenzie dern,mackenzie-dern-vs-gillian-robertson-79254,2026-08-15,UFC 330: Makhachev vs. Machado Garry,Bet105,2.9,1.4425,+190,-226,2026-08-10T22:53:59.122875+00:00,20.74
2026-08-11T19:38:29.582663+00:00,gillian robertson|mackenzie dern,mackenzie-dern-vs-gillian-robertson-79254,2026-08-15,UFC 330: Makhachev vs. Machado Garry,BetOnline,2.84,1.463,+184,-216,2026-08-10T22:38:28.006359+00:00,21.0
2026-08-11T19:38:29.582663+00:00,gillian robertson|mackenzie dern,mackenzie-dern-vs-gillian-robertson-79254,2026-08-15,UFC 330: Makhachev vs. Machado Garry,Bookmaker,2.85,1.431,+185,-232,2026-08-10T23:30:51.454611+00:00,20.13
2026-08-11T19:38:29.582663+00:00,gillian robertson|mackenzie dern,mackenzie-dern-vs-gillian-robertson-79254,2026-08-15,UFC 330: Makhachev vs. Machado Garry,Pinnacle,2.9,1.4425,+190,-226,2026-08-10T23:22:06.803424+00:00,20.27
2026-08-11T19:38:29.582663+00:00,gillian robertson|mackenzie dern,mackenzie-dern-vs-gillian-robertson-79254,2026-08-15,UFC 330: Makhachev vs. Machado Garry,Stake,2.85,1.4505,+185,-222,2026-08-10T22:39:56.480529+00:00,20.98
2026-08-11T19:38:29.582663+00:00,ian garry|islam makhachev,islam-makhachev-vs-ian-garry-79253,2026-08-15,UFC 330: Makhachev vs. Machado Garry,Bet105,3.79,1.2899,+279,-345,2026-08-10T03:53:30.502019+00:00,39.75
2026-08-11T19:38:29.582663+00:00,ian garry|islam makhachev,islam-makhachev-vs-ian-garry-79253,2026-08-15,UFC 330: Makhachev vs. Machado Garry,BetOnline,3.7,1.2985,+270,-335,2026-08-10T14:33:19.909594+00:00,29.09
2026-08-11T19:38:29.582663+00:00,ian garry|islam makhachev,islam-makhachev-vs-ian-garry-79253,2026-08-15,UFC 330: Makhachev vs. Machado Garry,Bookmaker,3.56,1.3003,+256,-333,2026-08-10T19:00:52.528903+00:00,24.63
2026-08-11T19:38:29.582663+00:00,ian garry|islam makhachev,islam-makhachev-vs-ian-garry-79253,2026-08-15,UFC 330: Makhachev vs. Machado Garry,Pinnacle,3.8,1.289,+280,-346,2026-08-09T19:51:59.988548+00:00,47.77
2026-08-11T19:38:29.582663+00:00,ian garry|islam makhachev,islam-makhachev-vs-ian-garry-79253,2026-08-15,UFC 330: Makhachev vs. Machado Garry,Stake,3.7,1.3003,+270,-333,2026-08-10T15:38:08.782587+00:00,28.01
2026-08-11T19:38:29.582663+00:00,jalin turner|kaue fernandes,jalin-turner-vs-kaue-fernandes-79619,2026-08-15,UFC 330: Makhachev vs. Machado Garry,Bet105,1.6024,2.41,-166,+141,2026-08-10T19:38:50.756043+00:00,23.99
2026-08-11T19:38:29.582663+00:00,jalin turner|kaue fernandes,jalin-turner-vs-kaue-fernandes-79619,2026-08-15,UFC 330: Makhachev vs. Machado Garry,BetOnline,1.5714,2.53,-175,+153,2026-08-10T20:40:34.128374+00:00,22.97
2026-08-11T19:38:29.582663+00:00,jalin turner|kaue fernandes,jalin-turner-vs-kaue-fernandes-79619,2026-08-15,UFC 330: Makhachev vs. Machado Garry,Bookmaker,1.5882,2.38,-170,+138,2026-08-09T15:15:28.572835+00:00,52.38
2026-08-11T19:38:29.582663+00:00,jalin turner|kaue fernandes,jalin-turner-vs-kaue-fernandes-79619,2026-08-15,UFC 330: Makhachev vs. Machado Garry,Pinnacle,1.6061,2.4,-165,+140,2026-08-10T19:53:12.656109+00:00,23.75
2026-08-11T19:38:29.582663+00:00,jalin turner|kaue fernandes,jalin-turner-vs-kaue-fernandes-79619,2026-08-15,UFC 330: Makhachev vs. Machado Garry,Stake,1.5587,2.49,-179,+149,2026-08-10T21:41:48.478025+00:00,21.94
2026-08-11T19:38:29.582663+00:00,jeremiah wells|myktybek orolbai,jeremiah-wells-vs-myktybek-orolbai-79363,2026-08-15,UFC 330: Makhachev vs. Machado Garry,Bet105,6.96,1.1176,+596,-850,2026-08-10T22:29:04.190533+00:00,21.16
2026-08-11T19:38:29.582663+00:00,jeremiah wells|myktybek orolbai,jeremiah-wells-vs-myktybek-orolbai-79363,2026-08-15,UFC 330: Makhachev vs. Machado Garry,BetOnline,6.86,1.1176,+586,-850,2026-08-10T14:39:30.320276+00:00,28.98
2026-08-11T19:38:29.582663+00:00,jeremiah wells|myktybek orolbai,jeremiah-wells-vs-myktybek-orolbai-79363,2026-08-15,UFC 330: Makhachev vs. Machado Garry,Bookmaker,6.21,1.125,+521,-800,2026-08-10T22:30:33.774721+00:00,21.13
2026-08-11T19:38:29.582663+00:00,jeremiah wells|myktybek orolbai,jeremiah-wells-vs-myktybek-orolbai-79363,2026-08-15,UFC 330: Makhachev vs. Machado Garry,Pinnacle,6.96,1.1176,+596,-850,2026-08-10T22:52:30.967390+00:00,20.77
2026-08-11T19:38:29.582663+00:00,jeremiah wells|myktybek orolbai,jeremiah-wells-vs-myktybek-orolbai-79363,2026-08-15,UFC 330: Makhachev vs. Machado Garry,Stake,6.8,1.12,+580,-833,2026-08-10T15:38:08.628962+00:00,28.01
2026-08-11T19:38:29.582663+00:00,lucas fernando|rafael tobias,lucas-fernando-vs-rafael-tobias-80111,2026-08-15,UFC 330: Makhachev vs. Machado Garry,Bet105,1.339,3.42,-295,+242,2026-08-09T15:58:25.720395+00:00,51.67
2026-08-11T19:38:29.582663+00:00,lucas fernando|rafael tobias,lucas-fernando-vs-rafael-tobias-80111,2026-08-15,UFC 330: Makhachev vs. Machado Garry,BetOnline,1.3333,3.45,-300,+245,2026-08-10T15:31:34.644525+00:00,28.12
2026-08-11T19:38:29.582663+00:00,lucas fernando|rafael tobias,lucas-fernando-vs-rafael-tobias-80111,2026-08-15,UFC 330: Makhachev vs. Machado Garry,Bookmaker,1.3077,3.51,-325,+251,2026-08-10T14:30:37.414856+00:00,29.13
2026-08-11T19:38:29.582663+00:00,lucas fernando|rafael tobias,lucas-fernando-vs-rafael-tobias-80111,2026-08-15,UFC 330: Makhachev vs. Machado Garry,Pinnacle,1.3356,3.45,-298,+245,2026-08-09T16:22:20.330701+00:00,51.27
2026-08-11T19:38:29.582663+00:00,lucas fernando|rafael tobias,lucas-fernando-vs-rafael-tobias-80111,2026-08-15,UFC 330: Makhachev vs. Machado Garry,Stake,1.33,3.45,-303,+245,2026-08-10T16:43:24.212952+00:00,26.92
2026-08-11T19:38:29.582663+00:00,neil magny|ramiz brahimaj,neil-magny-vs-ramiz-brahimaj-79618,2026-08-15,UFC 330: Makhachev vs. Machado Garry,Bet105,2.09,1.7874,+109,-127,2026-08-10T22:08:41.590435+00:00,21.5
2026-08-11T19:38:29.582663+00:00,neil magny|ramiz brahimaj,neil-magny-vs-ramiz-brahimaj-79618,2026-08-15,UFC 330: Makhachev vs. Machado Garry,BetOnline,2.02,1.8197,+102,-122,2026-08-10T22:18:29.058500+00:00,21.33
2026-08-11T19:38:29.582663+00:00,neil magny|ramiz brahimaj,neil-magny-vs-ramiz-brahimaj-79618,2026-08-15,UFC 330: Makhachev vs. Machado Garry,Bookmaker,2.04,1.7874,+104,-127,2026-08-10T20:45:55.205353+00:00,22.88
2026-08-11T19:38:29.582663+00:00,neil magny|ramiz brahimaj,neil-magny-vs-ramiz-brahimaj-79618,2026-08-15,UFC 330: Makhachev vs. Machado Garry,Pinnacle,2.09,1.7874,+109,-127,2026-08-10T22:22:48.220514+00:00,21.26
2026-08-11T19:38:29.582663+00:00,neil magny|ramiz brahimaj,neil-magny-vs-ramiz-brahimaj-79618,2026-08-15,UFC 330: Makhachev vs. Machado Garry,Stake,2.02,1.8403,+102,-119,2026-08-10T22:39:56.314803+00:00,20.98
2026-08-11T19:38:29.582663+00:00,tresean gore|vicente luque,vicente-luque-vs-tresean-gore-79238,2026-08-15,UFC 330: Makhachev vs. Machado Garry,Bet105,1.7692,2.11,-130,+111,2026-08-10T21:38:46.954927+00:00,22.0
2026-08-11T19:38:29.582663+00:00,tresean gore|vicente luque,vicente-luque-vs-tresean-gore-79238,2026-08-15,UFC 330: Makhachev vs. Machado Garry,BetOnline,1.8,2.05,-125,+105,2026-08-10T20:22:25.288635+00:00,23.27
2026-08-11T19:38:29.582663+00:00,tresean gore|vicente luque,vicente-luque-vs-tresean-gore-79238,2026-08-15,UFC 330: Makhachev vs. Machado Garry,Bookmaker,1.7519,2.09,-133,+109,2026-08-10T20:15:29.472794+00:00,23.38
2026-08-11T19:38:29.582663+00:00,tresean gore|vicente luque,vicente-luque-vs-tresean-gore-79238,2026-08-15,UFC 330: Makhachev vs. Machado Garry,Pinnacle,1.7634,2.12,-131,+112,2026-08-10T21:52:51.839904+00:00,21.76
2026-08-11T19:38:29.582663+00:00,tresean gore|vicente luque,vicente-luque-vs-tresean-gore-79238,2026-08-15,UFC 330: Makhachev vs. Machado Garry,Stake,1.7874,2.07,-127,+107,2026-08-10T20:38:56.571168+00:00,22.99
2026-08-11T19:38:29.582663+00:00,anthony hernandez|gregory rodrigues,anthony-hernandez-vs-gregory-rodrigues-79524,2026-08-22,UFC Fight Night: Hernandez vs. Rodrigues,Stake,1.7092,2.15,-141,+115,2026-08-07T19:36:06.107256+00:00,96.04
2026-08-11T19:38:29.582663+00:00,umar nurmagomedov|yadong song,umar-nurmagomedov-vs-yadong-song-79649,2026-08-29,UFC Fight Night: Nurmagomedov vs. Song,BetOnline,1.2222,4.5,-450,+350,2026-07-28T22:54:36.330885+00:00,332.73
2026-08-11T19:38:29.582663+00:00,umar nurmagomedov|yadong song,umar-nurmagomedov-vs-yadong-song-79649,2026-08-29,UFC Fight Night: Nurmagomedov vs. Song,Stake,1.2198,4.3,-455,+330,2026-08-10T02:40:07.495995+00:00,40.97
2026-08-11T19:38:29.582663+00:00,daniel hooker|salahdine parnasse,daniel-hooker-vs-salahdine-parnasse-80397,2026-09-05,UFC Fight Night: Parnasse vs. Hooker,Stake,3.6,1.3003,+260,-333,2026-08-07T19:36:06.098529+00:00,96.04
2026-08-11T19:38:29.582663+00:00,jean silva|yair rodriguez,yair-rodriguez-vs-jean-silva-80617,2026-09-12,UFC Noche: Rodriguez vs. Silva,BetOnline,1.2857,3.8,-350,+280,2026-08-06T17:59:48.571335+00:00,121.64
2026-08-11T19:38:29.582663+00:00,jean silva|yair rodriguez,yair-rodriguez-vs-jean-silva-80617,2026-09-12,UFC Noche: Rodriguez vs. Silva,Stake,1.2801,3.7,-357,+270,2026-08-10T02:40:07.545932+00:00,40.97
2026-08-11T19:38:29.582663+00:00,alexandre pantoja|josh van,josh-van-vs-alexandre-pantoja-80557,2026-09-19,UFC 331: Van vs. Pantoja 2,BetOnline,2.0,1.8333,+100,-120,2026-08-10T03:58:19.140347+00:00,39.67
2026-08-11T19:38:29.582663+00:00,alexandre pantoja|josh van,josh-van-vs-alexandre-pantoja-80557,2026-09-19,UFC 331: Van vs. Pantoja 2,Stake,1.9091,1.9009,-110,-111,2026-08-10T02:40:07.633642+00:00,40.97
2026-08-11T19:38:29.582663+00:00,arman tsarukyan|mauricio ruffy,arman-tsarukyan-vs-mauricio-ruffy-80643,2026-09-19,UFC 331: Van vs. Pantoja 2,BetOnline,1.2632,4.03,-380,+303,2026-08-09T04:12:12.980037+00:00,63.44
2026-08-11T19:38:29.582663+00:00,arman tsarukyan|mauricio ruffy,arman-tsarukyan-vs-mauricio-ruffy-80643,2026-09-19,UFC 331: Van vs. Pantoja 2,Stake,1.2703,3.75,-370,+275,2026-08-10T02:40:07.651758+00:00,40.97
2026-08-11T19:38:29.582663+00:00,gable steveson|sean sharaf,gable-steveson-vs-sean-sharaf-80633,2026-09-19,UFC 331: Van vs. Pantoja 2,BetOnline,1.0667,7.0,-1500,+600,2026-08-06T21:04:30.884211+00:00,118.57
2026-08-11T19:38:29.582663+00:00,gable steveson|sean sharaf,gable-steveson-vs-sean-sharaf-80633,2026-09-19,UFC 331: Van vs. Pantoja 2,Stake,1.08,8.0,-1250,+700,2026-08-10T02:40:07.686013+00:00,40.97
2026-08-11T19:38:29.582663+00:00,robelis despaigne|tai tuivasa,tai-tuivasa-vs-robelis-despaigne-80632,2026-09-19,UFC 331: Van vs. Pantoja 2,BetOnline,1.2105,4.67,-475,+367,2026-08-06T13:55:40.300940+00:00,125.71
2026-08-11T19:38:29.582663+00:00,robelis despaigne|tai tuivasa,tai-tuivasa-vs-robelis-despaigne-80632,2026-09-19,UFC 331: Van vs. Pantoja 2,Stake,1.2198,4.3,-455,+330,2026-08-10T02:40:07.673316+00:00,40.97
