poll_time,event_pk,pair,fight_slug,event_date,event_name,promotion,side1_key,side2_key,book,book_role,dec1,dec2,amer1,amer2,source_offer_ts,source_change_age_h,cycle_status,offer_id,offer_category,offer_status,disabled
2026-10-02T01:57:32.340425+00:00,9736,brendan allen|christian leroy duncan,brendan-allen-vs-christian-leroy-duncan-81348,2026-10-10,UFC Fight Night: Allen vs. Duncan,ufc,brendan allen,christian leroy duncan,4Cx,exchange,1.6024,1.7634,-166,-131,2026-10-02T01:11:12.608331+00:00,0.77,partial,T2ZmZXJOb2RlOjEwMzc2MTQxNg==,A_1,O,0
2026-10-02T01:57:32.340425+00:00,9736,brendan allen|christian leroy duncan,brendan-allen-vs-christian-leroy-duncan-81348,2026-10-10,UFC Fight Night: Allen vs. Duncan,ufc,brendan allen,christian leroy duncan,4casters,exchange,1.6173,1.7812,-162,-128,2026-10-02T01:10:18.960265+00:00,0.79,partial,T2ZmZXJOb2RlOjEwMzc2MTQxNQ==,A_1,O,0
2026-10-02T01:57:32.340425+00:00,9736,brendan allen|christian leroy duncan,brendan-allen-vs-christian-leroy-duncan-81348,2026-10-10,UFC Fight Night: Allen vs. Duncan,ufc,brendan allen,christian leroy duncan,BetOnline,sportsbook,1.6897,2.2500,-145,+125,2026-10-01T22:25:20.723083+00:00,3.54,partial,T2ZmZXJOb2RlOjEwMzc2MDczMw==,A_1,O,0
2026-10-02T01:57:32.340425+00:00,9736,brendan allen|christian leroy duncan,brendan-allen-vs-christian-leroy-duncan-81348,2026-10-10,UFC Fight Night: Allen vs. Duncan,ufc,brendan allen,christian leroy duncan,Polymarket(US),exchange,1.6944,2.3800,-144,+138,2026-10-01T20:45:32.118045+00:00,5.2,partial,T2ZmZXJOb2RlOjEwMzc1MDU0NQ==,A_1,O,0
2026-10-02T01:57:32.340425+00:00,9736,brendan allen|christian leroy duncan,brendan-allen-vs-christian-leroy-duncan-81348,2026-10-10,UFC Fight Night: Allen vs. Duncan,ufc,brendan allen,christian leroy duncan,Polymarket,exchange,1.5882,2.0800,-170,+108,2026-10-01T21:44:52.170784+00:00,4.21,partial,T2ZmZXJOb2RlOjEwMzc1MDM0Mg==,A_1,O,0
2026-10-02T01:57:32.340425+00:00,9736,jai herbert|matheus camilo,matheus-camilo-vs-jai-herbert-80442,2026-10-10,UFC Fight Night: Allen vs. Duncan,ufc,jai herbert,matheus camilo,BetOnline,sportsbook,2.5700,1.5556,+157,-180,2026-10-01T18:26:28.172570+00:00,7.52,partial,T2ZmZXJOb2RlOjEwMzc2MDczNQ==,A_1,O,0
2026-10-02T01:57:32.340425+00:00,9736,jai herbert|matheus camilo,matheus-camilo-vs-jai-herbert-80442,2026-10-10,UFC Fight Night: Allen vs. Duncan,ufc,jai herbert,matheus camilo,Polymarket(US),exchange,2.8600,1.5155,+186,-194,2026-10-01T14:45:39.549737+00:00,11.2,partial,T2ZmZXJOb2RlOjEwMzc1MDY2Ng==,A_1,O,0
2026-10-02T01:57:32.340425+00:00,9736,gerald meerschaert|julius walker,julius-walker-vs-gerald-meerschaert-80766,2026-10-10,UFC Fight Night: Allen vs. Duncan,ufc,gerald meerschaert,julius walker,BetOnline,sportsbook,3.3000,1.3571,+230,-280,2026-10-01T18:02:47.974288+00:00,7.91,partial,T2ZmZXJOb2RlOjEwMzc2MDczOQ==,A_1,O,0
2026-10-02T01:57:32.340425+00:00,9736,gerald meerschaert|julius walker,julius-walker-vs-gerald-meerschaert-80766,2026-10-10,UFC Fight Night: Allen vs. Duncan,ufc,gerald meerschaert,julius walker,Polymarket(US),exchange,3.3300,1.4082,+233,-245,2026-09-28T04:30:57.005817+00:00,93.44,partial,T2ZmZXJOb2RlOjEwMzc1MDY3MA==,A_1,O,0
2026-10-02T01:57:32.340425+00:00,9736,ketlen souza|lupita godinez,lupita-godinez-vs-ketlen-souza-80938,2026-10-10,UFC Fight Night: Allen vs. Duncan,ufc,ketlen souza,lupita godinez,BetOnline,sportsbook,2.8000,1.4762,+180,-210,2026-10-01T18:15:54.602202+00:00,7.69,partial,T2ZmZXJOb2RlOjEwMzc2MDczNA==,A_1,O,0
2026-10-02T01:57:32.340425+00:00,9736,ketlen souza|lupita godinez,lupita-godinez-vs-ketlen-souza-80938,2026-10-10,UFC Fight Night: Allen vs. Duncan,ufc,ketlen souza,lupita godinez,Polymarket(US),exchange,2.7000,1.5618,+170,-178,2026-10-01T01:00:55.091699+00:00,24.94,partial,T2ZmZXJOb2RlOjEwMzc1MDY2Nw==,A_1,O,0
2026-10-02T01:57:32.340425+00:00,9736,malcolm wellmaker|otar tanzilov,malcolm-wellmaker-vs-otar-tanzilov-80443,2026-10-10,UFC Fight Night: Allen vs. Duncan,ufc,malcolm wellmaker,otar tanzilov,BetOnline,sportsbook,1.5000,2.7400,-200,+174,2026-10-02T01:44:26.213624+00:00,0.22,partial,T2ZmZXJOb2RlOjEwMzc2MDkyMA==,A_1,O,0
2026-10-02T01:57:32.340425+00:00,9736,malcolm wellmaker|otar tanzilov,malcolm-wellmaker-vs-otar-tanzilov-80443,2026-10-10,UFC Fight Night: Allen vs. Duncan,ufc,malcolm wellmaker,otar tanzilov,Polymarket(US),exchange,1.6135,2.5600,-163,+156,2026-10-01T19:45:51.823774+00:00,6.19,partial,T2ZmZXJOb2RlOjEwMzc1MDY2OQ==,A_1,O,0
2026-10-02T01:57:32.340425+00:00,9736,alice pereira|dariya zheleznyakova,dariya-zheleznyakova-vs-alice-pereira-80581,2026-10-10,UFC Fight Night: Allen vs. Duncan,ufc,alice pereira,dariya zheleznyakova,BetOnline,sportsbook,1.7692,2.1000,-130,+110,2026-10-01T19:38:35.098467+00:00,6.32,partial,T2ZmZXJOb2RlOjEwMzc2MDkzMw==,A_1,O,0
2026-10-02T01:57:32.340425+00:00,9736,alice pereira|dariya zheleznyakova,dariya-zheleznyakova-vs-alice-pereira-80581,2026-10-10,UFC Fight Night: Allen vs. Duncan,ufc,alice pereira,dariya zheleznyakova,Polymarket(US),exchange,1.9259,2.0400,-108,+104,2026-10-01T20:00:35.129277+00:00,5.95,partial,T2ZmZXJOb2RlOjEwMzc1NTk4NQ==,A_1,O,0
2026-10-02T01:57:32.340425+00:00,9736,ernesta kareckaite|melissa gatto,ernesta-kareckaite-vs-melissa-gatto-80690,2026-10-10,UFC Fight Night: Allen vs. Duncan,ufc,ernesta kareckaite,melissa gatto,BetOnline,sportsbook,2.4500,1.6061,+145,-165,2026-10-02T00:43:08.290370+00:00,1.24,partial,T2ZmZXJOb2RlOjEwMzc2MDk5Ng==,A_1,O,0
2026-10-02T01:57:32.340425+00:00,9736,ernesta kareckaite|melissa gatto,ernesta-kareckaite-vs-melissa-gatto-80690,2026-10-10,UFC Fight Night: Allen vs. Duncan,ufc,ernesta kareckaite,melissa gatto,Polymarket(US),exchange,2.3800,1.6944,+138,-144,2026-10-02T00:00:51.332534+00:00,1.94,partial,T2ZmZXJOb2RlOjEwMzc1NTk4MA==,A_1,O,0
2026-10-02T01:57:32.340425+00:00,9736,allen frye|rj harris,rj-harris-vs-allen-frye-80767,2026-10-10,UFC Fight Night: Allen vs. Duncan,ufc,allen frye,rj harris,BetOnline,sportsbook,2.8600,1.4545,+186,-220,2026-10-01T19:27:32.685647+00:00,6.5,partial,T2ZmZXJOb2RlOjEwMzc2MDkyNQ==,A_1,O,0
2026-10-02T01:57:32.340425+00:00,9736,allen frye|rj harris,rj-harris-vs-allen-frye-80767,2026-10-10,UFC Fight Night: Allen vs. Duncan,ufc,allen frye,rj harris,Polymarket(US),exchange,3.3300,1.4082,+233,-245,2026-10-01T22:01:18.914648+00:00,3.94,partial,T2ZmZXJOb2RlOjEwMzc1NTk4NA==,A_1,O,0
2026-10-02T01:57:32.340425+00:00,9736,andre fili|kai kamaka iii,andre-fili-vs-kai-kamaka-iii-80979,2026-10-10,UFC Fight Night: Allen vs. Duncan,ufc,andre fili,kai kamaka iii,BetOnline,sportsbook,1.6494,2.3400,-154,+134,2026-10-01T18:01:20.528309+00:00,7.94,partial,T2ZmZXJOb2RlOjEwMzc2MDczOA==,A_1,O,0
2026-10-02T01:57:32.340425+00:00,9736,andre fili|kai kamaka iii,andre-fili-vs-kai-kamaka-iii-80979,2026-10-10,UFC Fight Night: Allen vs. Duncan,ufc,andre fili,kai kamaka iii,Polymarket(US),exchange,1.7874,2.2200,-127,+122,2026-10-01T18:15:54.368885+00:00,7.69,partial,T2ZmZXJOb2RlOjEwMzc1MDY2OA==,A_1,O,0
2026-10-02T01:57:32.340425+00:00,9736,francisco prado|ismael bonfim,francisco-prado-vs-ismael-bonfim-81521,2026-10-10,UFC Fight Night: Allen vs. Duncan,ufc,francisco prado,ismael bonfim,BetOnline,sportsbook,2.1500,1.7407,+115,-135,2026-10-01T20:03:07.096483+00:00,5.91,partial,T2ZmZXJOb2RlOjEwMzc2MDkyMg==,A_1,O,0
2026-10-02T01:57:32.340425+00:00,9736,francisco prado|ismael bonfim,francisco-prado-vs-ismael-bonfim-81521,2026-10-10,UFC Fight Night: Allen vs. Duncan,ufc,francisco prado,ismael bonfim,Polymarket(US),exchange,2.2200,1.7874,+122,-127,2026-10-01T20:15:28.870211+00:00,5.7,partial,T2ZmZXJOb2RlOjEwMzc1NTk4MQ==,A_1,O,0
2026-10-02T01:57:32.340425+00:00,9736,francisco prado|ismael bonfim,francisco-prado-vs-ismael-bonfim-81521,2026-10-10,UFC Fight Night: Allen vs. Duncan,ufc,francisco prado,ismael bonfim,Polymarket,exchange,2.0400,1.6410,+104,-156,2026-10-02T00:54:27.412772+00:00,1.05,partial,T2ZmZXJOb2RlOjEwMzc1MDM1Mw==,A_1,O,0
2026-10-02T01:57:32.340425+00:00,9736,leon shahbazyan|niko price,niko-price-vs-leon-shahbazyan-81547,2026-10-10,UFC Fight Night: Allen vs. Duncan,ufc,leon shahbazyan,niko price,Polymarket(US),exchange,1.8197,2.1700,-122,+117,2026-10-01T14:15:31.502723+00:00,11.7,partial,T2ZmZXJOb2RlOjEwMzc1NTk4Mg==,A_1,O,0
2026-10-02T01:57:32.340425+00:00,9736,brendson ribeiro|felipe franco,felipe-franco-vs-brendson-ribeiro-81977,2026-10-10,UFC Fight Night: Allen vs. Duncan,ufc,brendson ribeiro,felipe franco,BetOnline,sportsbook,3.5200,1.3226,+252,-310,2026-10-02T01:57:14.193793+00:00,0.01,partial,T2ZmZXJOb2RlOjEwMzc2MDk5NQ==,A_1,O,0
2026-10-02T01:57:32.340425+00:00,9736,brendson ribeiro|felipe franco,felipe-franco-vs-brendson-ribeiro-81977,2026-10-10,UFC Fight Night: Allen vs. Duncan,ufc,brendson ribeiro,felipe franco,Polymarket(US),exchange,4.0000,1.3155,+300,-317,2026-10-01T21:45:46.084382+00:00,4.2,partial,T2ZmZXJOb2RlOjEwMzc1NTk4Mw==,A_1,O,0
2026-10-02T01:57:32.340425+00:00,9733,alex volkanovski|movsar evloev,alex-volkanovski-vs-movsar-evloev-80805,2026-10-24,UFC 333: Volkanovski vs. Evloev,ufc,alex volkanovski,movsar evloev,Bovada,sportsbook,1.8929,1.9259,-112,-108,2026-09-30T04:24:31.781224+00:00,45.55,partial,T2ZmZXJOb2RlOjEwMzc1MDk1OA==,A_1,O,0
2026-10-02T01:57:32.340425+00:00,9733,alex volkanovski|movsar evloev,alex-volkanovski-vs-movsar-evloev-80805,2026-10-24,UFC 333: Volkanovski vs. Evloev,ufc,alex volkanovski,movsar evloev,Cloudbet,sportsbook,1.9615,1.8130,-104,-123,2026-10-01T21:52:26.896034+00:00,4.08,partial,T2ZmZXJOb2RlOjEwMzc1MDY3Mg==,A_1,O,0
2026-10-02T01:57:32.340425+00:00,9733,alex volkanovski|movsar evloev,alex-volkanovski-vs-movsar-evloev-80805,2026-10-24,UFC 333: Volkanovski vs. Evloev,ufc,alex volkanovski,movsar evloev,Bet365,sportsbook,1.9524,1.8621,-105,-116,2026-09-29T01:31:09.246881+00:00,72.44,partial,T2ZmZXJOb2RlOjEwMzc0MDQ1OQ==,A_1,O,0
2026-10-02T01:57:32.340425+00:00,9733,alex volkanovski|movsar evloev,alex-volkanovski-vs-movsar-evloev-80805,2026-10-24,UFC 333: Volkanovski vs. Evloev,ufc,alex volkanovski,movsar evloev,Pinnacle,sportsbook,2.0000,1.8547,+100,-117,2026-10-01T22:20:29.821683+00:00,3.62,partial,T2ZmZXJOb2RlOjEwMzczODA2Mg==,A_1,O,0
2026-10-02T01:57:32.340425+00:00,9733,alex volkanovski|movsar evloev,alex-volkanovski-vs-movsar-evloev-80805,2026-10-24,UFC 333: Volkanovski vs. Evloev,ufc,alex volkanovski,movsar evloev,Bet105,sportsbook,2.0000,1.8547,+100,-117,2026-10-01T21:53:21.878651+00:00,4.07,partial,T2ZmZXJOb2RlOjEwMzczODAzNQ==,A_1,O,0
2026-10-02T01:57:32.340425+00:00,9733,alex volkanovski|movsar evloev,alex-volkanovski-vs-movsar-evloev-80805,2026-10-24,UFC 333: Volkanovski vs. Evloev,ufc,alex volkanovski,movsar evloev,Circa,sportsbook,2.0000,1.8333,+100,-120,2026-10-01T21:51:24.517843+00:00,4.1,partial,T2ZmZXJOb2RlOjEwMzczNzQyNw==,A_1,O,0
2026-10-02T01:57:32.340425+00:00,9733,alex volkanovski|movsar evloev,alex-volkanovski-vs-movsar-evloev-80805,2026-10-24,UFC 333: Volkanovski vs. Evloev,ufc,alex volkanovski,movsar evloev,MyBookie,sportsbook,1.9346,1.7752,-107,-129,2026-09-30T20:24:54.051711+00:00,29.54,partial,T2ZmZXJOb2RlOjEwMzY5NDk3NQ==,A_1,O,0
2026-10-02T01:57:32.340425+00:00,9733,alex volkanovski|movsar evloev,alex-volkanovski-vs-movsar-evloev-80805,2026-10-24,UFC 333: Volkanovski vs. Evloev,ufc,alex volkanovski,movsar evloev,HardRockBet,sportsbook,1.8696,1.9524,-115,-105,2026-09-22T10:12:16.447468+00:00,231.75,partial,T2ZmZXJOb2RlOjEwMzY4NzQ3Nw==,A_1,O,0
2026-10-02T01:57:32.340425+00:00,9733,alex volkanovski|movsar evloev,alex-volkanovski-vs-movsar-evloev-80805,2026-10-24,UFC 333: Volkanovski vs. Evloev,ufc,alex volkanovski,movsar evloev,YouWager,sportsbook,2.0300,1.8333,+103,-120,2026-09-30T20:15:38.114547+00:00,29.7,partial,T2ZmZXJOb2RlOjEwMzY4Mjc2OQ==,A_1,O,0
2026-10-02T01:57:32.340425+00:00,9733,alex volkanovski|movsar evloev,alex-volkanovski-vs-movsar-evloev-80805,2026-10-24,UFC 333: Volkanovski vs. Evloev,ufc,alex volkanovski,movsar evloev,Betway,sportsbook,1.9091,1.9091,-110,-110,2026-08-25T20:46:30.942010+00:00,893.18,partial,T2ZmZXJOb2RlOjEwMzY4MTAyNw==,A_1,O,0
2026-10-02T01:57:32.340425+00:00,9733,alex volkanovski|movsar evloev,alex-volkanovski-vs-movsar-evloev-80805,2026-10-24,UFC 333: Volkanovski vs. Evloev,ufc,alex volkanovski,movsar evloev,BetMGM,sportsbook,1.8000,1.9524,-125,-105,2026-08-18T04:52:49.357847+00:00,1077.08,partial,T2ZmZXJOb2RlOjEwMzY3OTE1OQ==,A_1,O,0
2026-10-02T01:57:32.340425+00:00,9733,alex volkanovski|movsar evloev,alex-volkanovski-vs-movsar-evloev-80805,2026-10-24,UFC 333: Volkanovski vs. Evloev,ufc,alex volkanovski,movsar evloev,Stake,sportsbook,2.0000,1.8197,+100,-122,2026-09-30T20:25:40.700983+00:00,29.53,partial,T2ZmZXJOb2RlOjEwMzY3OTE1Ng==,A_1,O,0
2026-10-02T01:57:32.340425+00:00,9733,alex volkanovski|movsar evloev,alex-volkanovski-vs-movsar-evloev-80805,2026-10-24,UFC 333: Volkanovski vs. Evloev,ufc,alex volkanovski,movsar evloev,ReBet,sportsbook,1.9524,1.7874,-105,-127,2026-09-30T20:31:20.963489+00:00,29.44,partial,T2ZmZXJOb2RlOjEwMzY3ODk1Mw==,A_1,O,0
2026-10-02T01:57:32.340425+00:00,9733,alex volkanovski|movsar evloev,alex-volkanovski-vs-movsar-evloev-80805,2026-10-24,UFC 333: Volkanovski vs. Evloev,ufc,alex volkanovski,movsar evloev,FanDuel,sportsbook,1.8850,1.8850,-113,-113,2026-08-17T12:10:57.679912+00:00,1093.78,partial,T2ZmZXJOb2RlOjEwMzY3ODAyNg==,A_1,O,0
2026-10-02T01:57:32.340425+00:00,9733,alex volkanovski|movsar evloev,alex-volkanovski-vs-movsar-evloev-80805,2026-10-24,UFC 333: Volkanovski vs. Evloev,ufc,alex volkanovski,movsar evloev,BetUS,sportsbook,2.0000,1.8333,+100,-120,2026-10-01T22:25:18.791484+00:00,3.54,partial,T2ZmZXJOb2RlOjEwMzY3NzgwNg==,A_1,O,0
2026-10-02T01:57:32.340425+00:00,9733,alex volkanovski|movsar evloev,alex-volkanovski-vs-movsar-evloev-80805,2026-10-24,UFC 333: Volkanovski vs. Evloev,ufc,alex volkanovski,movsar evloev,Novig,exchange,1.9259,1.8000,-108,-125,2026-10-01T22:01:01.199072+00:00,3.94,partial,T2ZmZXJOb2RlOjEwMzY3NzgwNA==,A_1,O,0
2026-10-02T01:57:32.340425+00:00,9733,alex volkanovski|movsar evloev,alex-volkanovski-vs-movsar-evloev-80805,2026-10-24,UFC 333: Volkanovski vs. Evloev,ufc,alex volkanovski,movsar evloev,BetOnline,sportsbook,2.0300,1.8333,+103,-120,2026-09-30T20:13:08.384461+00:00,29.74,partial,T2ZmZXJOb2RlOjEwMzY3Nzc5Ng==,A_1,O,0
2026-10-02T01:57:32.340425+00:00,9733,alex volkanovski|movsar evloev,alex-volkanovski-vs-movsar-evloev-80805,2026-10-24,UFC 333: Volkanovski vs. Evloev,ufc,alex volkanovski,movsar evloev,BetRivers,sportsbook,1.8621,1.9434,-116,-106,2026-09-22T10:15:41.917605+00:00,231.7,partial,T2ZmZXJOb2RlOjEwMzY3Nzc4MQ==,A_1,O,0
2026-10-02T01:57:32.340425+00:00,9733,alex volkanovski|movsar evloev,alex-volkanovski-vs-movsar-evloev-80805,2026-10-24,UFC 333: Volkanovski vs. Evloev,ufc,alex volkanovski,movsar evloev,Caesars,sportsbook,1.8696,1.8696,-115,-115,2026-09-18T23:05:27.431897+00:00,314.87,partial,T2ZmZXJOb2RlOjEwMzY3NzY4NA==,A_1,O,0
2026-10-02T01:57:32.340425+00:00,9733,alex volkanovski|movsar evloev,alex-volkanovski-vs-movsar-evloev-80805,2026-10-24,UFC 333: Volkanovski vs. Evloev,ufc,alex volkanovski,movsar evloev,DraftKings,sportsbook,1.9804,1.8475,-102,-118,2026-10-01T22:12:44.682323+00:00,3.75,partial,T2ZmZXJOb2RlOjEwMzY3NzYyMg==,A_1,O,0
2026-10-02T01:57:32.340425+00:00,9733,merab dvalishvili|petr yan,petr-yan-vs-merab-dvalishvili-80806,2026-10-24,UFC 333: Volkanovski vs. Evloev,ufc,merab dvalishvili,petr yan,Cloudbet,sportsbook,2.3500,1.5495,+135,-182,2026-10-01T13:42:42.760136+00:00,12.25,partial,T2ZmZXJOb2RlOjEwMzc1MDY3Mw==,A_1,O,0
2026-10-02T01:57:32.340425+00:00,9733,merab dvalishvili|petr yan,petr-yan-vs-merab-dvalishvili-80806,2026-10-24,UFC 333: Volkanovski vs. Evloev,ufc,merab dvalishvili,petr yan,Bet365,sportsbook,2.4500,1.5714,+145,-175,2026-09-22T03:31:22.140561+00:00,238.44,partial,T2ZmZXJOb2RlOjEwMzc0MDQ2MA==,A_1,O,0
2026-10-02T01:57:32.340425+00:00,9733,merab dvalishvili|petr yan,petr-yan-vs-merab-dvalishvili-80806,2026-10-24,UFC 333: Volkanovski vs. Evloev,ufc,merab dvalishvili,petr yan,Pinnacle,sportsbook,2.4400,1.5882,+144,-170,2026-10-01T13:51:23.508086+00:00,12.1,partial,T2ZmZXJOb2RlOjEwMzczODA2Mw==,A_1,O,0
2026-10-02T01:57:32.340425+00:00,9733,merab dvalishvili|petr yan,petr-yan-vs-merab-dvalishvili-80806,2026-10-24,UFC 333: Volkanovski vs. Evloev,ufc,merab dvalishvili,petr yan,Bet105,sportsbook,2.4400,1.5882,+144,-170,2026-10-01T13:43:46.466166+00:00,12.23,partial,T2ZmZXJOb2RlOjEwMzczODAzNg==,A_1,O,0
2026-10-02T01:57:32.340425+00:00,9733,merab dvalishvili|petr yan,petr-yan-vs-merab-dvalishvili-80806,2026-10-24,UFC 333: Volkanovski vs. Evloev,ufc,merab dvalishvili,petr yan,Circa,sportsbook,2.6000,1.5405,+160,-185,2026-09-19T15:06:23.454152+00:00,298.85,partial,T2ZmZXJOb2RlOjEwMzczNzQyOA==,A_1,O,0
2026-10-02T01:57:32.340425+00:00,9733,merab dvalishvili|petr yan,petr-yan-vs-merab-dvalishvili-80806,2026-10-24,UFC 333: Volkanovski vs. Evloev,ufc,merab dvalishvili,petr yan,MyBookie,sportsbook,2.3700,1.5208,+137,-192,2026-09-27T18:04:20.877955+00:00,103.89,partial,T2ZmZXJOb2RlOjEwMzY5NDkyMw==,A_1,O,0
2026-10-02T01:57:32.340425+00:00,9733,merab dvalishvili|petr yan,petr-yan-vs-merab-dvalishvili-80806,2026-10-24,UFC 333: Volkanovski vs. Evloev,ufc,merab dvalishvili,petr yan,BetMGM,sportsbook,2.4500,1.5263,+145,-190,2026-09-20T18:07:16.096590+00:00,271.84,partial,T2ZmZXJOb2RlOjEwMzY5MzEyNA==,A_1,O,0
2026-10-02T01:57:32.340425+00:00,9733,merab dvalishvili|petr yan,petr-yan-vs-merab-dvalishvili-80806,2026-10-24,UFC 333: Volkanovski vs. Evloev,ufc,merab dvalishvili,petr yan,HardRockBet,sportsbook,2.4500,1.5556,+145,-180,2026-08-23T15:12:25.819159+00:00,946.75,partial,T2ZmZXJOb2RlOjEwMzY4NzQ3Ng==,A_1,O,0
2026-10-02T01:57:32.340425+00:00,9733,merab dvalishvili|petr yan,petr-yan-vs-merab-dvalishvili-80806,2026-10-24,UFC 333: Volkanovski vs. Evloev,ufc,merab dvalishvili,petr yan,YouWager,sportsbook,2.4900,1.5714,+149,-175,2026-09-27T18:00:58.738501+00:00,103.94,partial,T2ZmZXJOb2RlOjEwMzY4Mjc3MA==,A_1,O,0
2026-10-02T01:57:32.340425+00:00,9733,merab dvalishvili|petr yan,petr-yan-vs-merab-dvalishvili-80806,2026-10-24,UFC 333: Volkanovski vs. Evloev,ufc,merab dvalishvili,petr yan,Stake,sportsbook,2.4600,1.5587,+146,-179,2026-09-27T18:25:54.840685+00:00,103.53,partial,T2ZmZXJOb2RlOjEwMzY4MTMyNA==,A_1,O,0
2026-10-02T01:57:32.340425+00:00,9733,merab dvalishvili|petr yan,petr-yan-vs-merab-dvalishvili-80806,2026-10-24,UFC 333: Volkanovski vs. Evloev,ufc,merab dvalishvili,petr yan,ReBet,sportsbook,2.4000,1.5319,+140,-188,2026-09-27T18:01:14.911087+00:00,103.94,partial,T2ZmZXJOb2RlOjEwMzY4MTAyOQ==,A_1,O,0
2026-10-02T01:57:32.340425+00:00,9733,merab dvalishvili|petr yan,petr-yan-vs-merab-dvalishvili-80806,2026-10-24,UFC 333: Volkanovski vs. Evloev,ufc,merab dvalishvili,petr yan,Betway,sportsbook,2.5000,1.5319,+150,-188,2026-09-08T19:01:39.079705+00:00,558.93,partial,T2ZmZXJOb2RlOjEwMzY4MTAyNg==,A_1,O,0
2026-10-02T01:57:32.340425+00:00,9733,merab dvalishvili|petr yan,petr-yan-vs-merab-dvalishvili-80806,2026-10-24,UFC 333: Volkanovski vs. Evloev,ufc,merab dvalishvili,petr yan,FanDuel,sportsbook,2.4000,1.5814,+140,-172,2026-09-06T00:03:19.964679+00:00,625.9,partial,T2ZmZXJOb2RlOjEwMzY3ODAyNA==,A_1,O,0
2026-10-02T01:57:32.340425+00:00,9733,merab dvalishvili|petr yan,petr-yan-vs-merab-dvalishvili-80806,2026-10-24,UFC 333: Volkanovski vs. Evloev,ufc,merab dvalishvili,petr yan,BetUS,sportsbook,2.5000,1.5556,+150,-180,2026-09-29T19:01:16.966760+00:00,54.94,partial,T2ZmZXJOb2RlOjEwMzY3NzgwNw==,A_1,O,0
2026-10-02T01:57:32.340425+00:00,9733,merab dvalishvili|petr yan,petr-yan-vs-merab-dvalishvili-80806,2026-10-24,UFC 333: Volkanovski vs. Evloev,ufc,merab dvalishvili,petr yan,BetRivers,sportsbook,2.4500,1.5495,+145,-182,2026-08-23T15:04:19.505616+00:00,946.89,partial,T2ZmZXJOb2RlOjEwMzY3Nzc4MA==,A_1,O,0
2026-10-02T01:57:32.340425+00:00,9733,merab dvalishvili|petr yan,petr-yan-vs-merab-dvalishvili-80806,2026-10-24,UFC 333: Volkanovski vs. Evloev,ufc,merab dvalishvili,petr yan,Caesars,sportsbook,2.4500,1.5263,+145,-190,2026-08-27T10:05:30.057373+00:00,855.87,partial,T2ZmZXJOb2RlOjEwMzY3NzY4Mw==,A_1,O,0
2026-10-02T01:57:32.340425+00:00,9733,merab dvalishvili|petr yan,petr-yan-vs-merab-dvalishvili-80806,2026-10-24,UFC 333: Volkanovski vs. Evloev,ufc,merab dvalishvili,petr yan,Novig,exchange,2.4400,1.5495,+144,-182,2026-10-01T14:02:17.127849+00:00,11.92,partial,T2ZmZXJOb2RlOjEwMzY3NzY4MA==,A_1,O,0
2026-10-02T01:57:32.340425+00:00,9733,merab dvalishvili|petr yan,petr-yan-vs-merab-dvalishvili-80806,2026-10-24,UFC 333: Volkanovski vs. Evloev,ufc,merab dvalishvili,petr yan,BetOnline,sportsbook,2.4900,1.5714,+149,-175,2026-09-27T17:57:33.027014+00:00,104.0,partial,T2ZmZXJOb2RlOjEwMzY3NzY1Mw==,A_1,O,0
2026-10-02T01:57:32.340425+00:00,9733,merab dvalishvili|petr yan,petr-yan-vs-merab-dvalishvili-80806,2026-10-24,UFC 333: Volkanovski vs. Evloev,ufc,merab dvalishvili,petr yan,DraftKings,sportsbook,2.4500,1.5714,+145,-175,2026-10-01T14:11:21.952560+00:00,11.77,partial,T2ZmZXJOb2RlOjEwMzY3NzYyMQ==,A_1,O,0
2026-10-02T01:57:32.340425+00:00,9765,cyril gane|josh hokit,cyril-gane-vs-josh-hokit-81849,2026-11-14,UFC 334: Gane vs. Hokit,ufc,cyril gane,josh hokit,BetUS,sportsbook,1.3636,3.2600,-275,+226,2026-10-02T00:55:19.342076+00:00,1.04,partial,T2ZmZXJOb2RlOjEwMzc1MDY3NA==,A_1,O,0
2026-10-02T01:57:32.340425+00:00,9765,cyril gane|josh hokit,cyril-gane-vs-josh-hokit-81849,2026-11-14,UFC 334: Gane vs. Hokit,ufc,cyril gane,josh hokit,Circa,sportsbook,1.3448,3.4500,-290,+245,2026-09-25T20:56:59.441580+00:00,149.01,partial,T2ZmZXJOb2RlOjEwMzc0OTgyMA==,A_1,O,0
2026-10-02T01:57:32.340425+00:00,9765,cyril gane|josh hokit,cyril-gane-vs-josh-hokit-81849,2026-11-14,UFC 334: Gane vs. Hokit,ufc,cyril gane,josh hokit,Betway,sportsbook,1.3636,3.1000,-275,+210,2026-09-26T09:06:38.150422+00:00,136.85,partial,T2ZmZXJOb2RlOjEwMzc0ODg5Ng==,A_1,O,0
2026-10-02T01:57:32.340425+00:00,9765,cyril gane|josh hokit,cyril-gane-vs-josh-hokit-81849,2026-11-14,UFC 334: Gane vs. Hokit,ufc,cyril gane,josh hokit,FanDuel,sportsbook,1.3774,3.0000,-265,+200,2026-09-23T17:45:43.906545+00:00,200.2,partial,T2ZmZXJOb2RlOjEwMzc0NTQ4OA==,A_1,O,0
2026-10-02T01:57:32.340425+00:00,9765,cyril gane|josh hokit,cyril-gane-vs-josh-hokit-81849,2026-11-14,UFC 334: Gane vs. Hokit,ufc,cyril gane,josh hokit,Bet365,sportsbook,1.3597,3.2500,-278,+225,2026-09-25T00:00:50.364645+00:00,169.94,partial,T2ZmZXJOb2RlOjEwMzc0MTU4OA==,A_1,O,0
2026-10-02T01:57:32.340425+00:00,9765,cyril gane|josh hokit,cyril-gane-vs-josh-hokit-81849,2026-11-14,UFC 334: Gane vs. Hokit,ufc,cyril gane,josh hokit,Bovada,sportsbook,1.3922,3.1000,-255,+210,2026-09-30T04:24:31.797600+00:00,45.55,partial,T2ZmZXJOb2RlOjEwMzc0MDQ5MA==,A_1,O,0
2026-10-02T01:57:32.340425+00:00,9765,cyril gane|josh hokit,cyril-gane-vs-josh-hokit-81849,2026-11-14,UFC 334: Gane vs. Hokit,ufc,cyril gane,josh hokit,MyBookie,sportsbook,1.3509,2.9400,-285,+194,2026-09-28T01:19:27.926068+00:00,96.63,partial,T2ZmZXJOb2RlOjEwMzc0MDQ4OQ==,A_1,O,0
2026-10-02T01:57:32.340425+00:00,9765,cyril gane|josh hokit,cyril-gane-vs-josh-hokit-81849,2026-11-14,UFC 334: Gane vs. Hokit,ufc,cyril gane,josh hokit,Bet105,sportsbook,1.3906,3.1300,-256,+213,2026-09-30T14:08:19.162379+00:00,35.82,partial,T2ZmZXJOb2RlOjEwMzczOTM5OQ==,A_1,O,0
2026-10-02T01:57:32.340425+00:00,9765,cyril gane|josh hokit,cyril-gane-vs-josh-hokit-81849,2026-11-14,UFC 334: Gane vs. Hokit,ufc,cyril gane,josh hokit,Pinnacle,sportsbook,1.3906,3.1300,-256,+213,2026-09-30T14:21:15.487893+00:00,35.6,partial,T2ZmZXJOb2RlOjEwMzczODA3Mw==,A_1,O,0
2026-10-02T01:57:32.340425+00:00,9765,cyril gane|josh hokit,cyril-gane-vs-josh-hokit-81849,2026-11-14,UFC 334: Gane vs. Hokit,ufc,cyril gane,josh hokit,Stake,sportsbook,1.3802,3.1000,-263,+210,2026-09-28T01:25:35.603045+00:00,96.53,partial,T2ZmZXJOb2RlOjEwMzczODgyMw==,A_1,O,0
2026-10-02T01:57:32.340425+00:00,9765,cyril gane|josh hokit,cyril-gane-vs-josh-hokit-81849,2026-11-14,UFC 334: Gane vs. Hokit,ufc,cyril gane,josh hokit,HardRockBet,sportsbook,1.3846,3.1000,-260,+210,2026-09-29T04:12:35.936106+00:00,69.75,partial,T2ZmZXJOb2RlOjEwMzczODgyMA==,A_1,O,0
2026-10-02T01:57:32.340425+00:00,9765,cyril gane|josh hokit,cyril-gane-vs-josh-hokit-81849,2026-11-14,UFC 334: Gane vs. Hokit,ufc,cyril gane,josh hokit,Caesars,sportsbook,1.3636,3.0000,-275,+200,2026-09-24T09:05:20.470551+00:00,184.87,partial,T2ZmZXJOb2RlOjEwMzczODQwOA==,A_1,O,0
2026-10-02T01:57:32.340425+00:00,9765,cyril gane|josh hokit,cyril-gane-vs-josh-hokit-81849,2026-11-14,UFC 334: Gane vs. Hokit,ufc,cyril gane,josh hokit,BetMGM,sportsbook,1.3390,3.1000,-295,+210,2026-09-20T18:07:18.981969+00:00,271.84,partial,T2ZmZXJOb2RlOjEwMzczODIyMg==,A_1,O,0
2026-10-02T01:57:32.340425+00:00,9765,cyril gane|josh hokit,cyril-gane-vs-josh-hokit-81849,2026-11-14,UFC 334: Gane vs. Hokit,ufc,cyril gane,josh hokit,BetRivers,sportsbook,1.3802,3.0500,-263,+205,2026-09-29T04:16:14.836984+00:00,69.69,partial,T2ZmZXJOb2RlOjEwMzczODAwNA==,A_1,O,0
2026-10-02T01:57:32.340425+00:00,9765,cyril gane|josh hokit,cyril-gane-vs-josh-hokit-81849,2026-11-14,UFC 334: Gane vs. Hokit,ufc,cyril gane,josh hokit,Novig,exchange,1.3984,2.9400,-251,+194,2026-10-01T17:31:07.361081+00:00,8.44,partial,T2ZmZXJOb2RlOjEwMzczNzg2NA==,A_1,O,0
2026-10-02T01:57:32.340425+00:00,9765,cyril gane|josh hokit,cyril-gane-vs-josh-hokit-81849,2026-11-14,UFC 334: Gane vs. Hokit,ufc,cyril gane,josh hokit,DraftKings,sportsbook,1.3774,3.1500,-265,+215,2026-09-29T08:41:06.471734+00:00,65.27,partial,T2ZmZXJOb2RlOjEwMzczNzgwNQ==,A_1,O,0
2026-10-02T01:57:32.340425+00:00,9765,cyril gane|josh hokit,cyril-gane-vs-josh-hokit-81849,2026-11-14,UFC 334: Gane vs. Hokit,ufc,cyril gane,josh hokit,BetOnline,sportsbook,1.3922,3.1200,-255,+212,2026-09-28T01:11:44.872160+00:00,96.76,partial,T2ZmZXJOb2RlOjEwMzczNzgwMw==,A_1,O,0
2026-10-02T01:57:32.340425+00:00,9765,amanda nunes|kayla harrison,kayla-harrison-vs-amanda-nunes-81850,2026-11-14,UFC 334: Gane vs. Hokit,ufc,amanda nunes,kayla harrison,BetUS,sportsbook,2.6600,1.5000,+166,-200,2026-09-27T14:10:44.437864+00:00,107.78,partial,T2ZmZXJOb2RlOjEwMzc1MDY3NQ==,A_1,O,0
2026-10-02T01:57:32.340425+00:00,9765,amanda nunes|kayla harrison,kayla-harrison-vs-amanda-nunes-81850,2026-11-14,UFC 334: Gane vs. Hokit,ufc,amanda nunes,kayla harrison,Circa,sportsbook,2.7500,1.5000,+175,-200,2026-09-25T20:57:00.126505+00:00,149.01,partial,T2ZmZXJOb2RlOjEwMzc0OTgyMQ==,A_1,O,0
2026-10-02T01:57:32.340425+00:00,9765,amanda nunes|kayla harrison,kayla-harrison-vs-amanda-nunes-81850,2026-11-14,UFC 334: Gane vs. Hokit,ufc,amanda nunes,kayla harrison,Betway,sportsbook,2.6300,1.5000,+163,-200,2026-09-25T09:11:42.055758+00:00,160.76,partial,T2ZmZXJOb2RlOjEwMzc0ODg5Nw==,A_1,O,0
2026-10-02T01:57:32.340425+00:00,9765,amanda nunes|kayla harrison,kayla-harrison-vs-amanda-nunes-81850,2026-11-14,UFC 334: Gane vs. Hokit,ufc,amanda nunes,kayla harrison,FanDuel,sportsbook,2.6200,1.4762,+162,-210,2026-09-23T17:45:44.516959+00:00,200.2,partial,T2ZmZXJOb2RlOjEwMzc0NTQ4OQ==,A_1,O,0
2026-10-02T01:57:32.340425+00:00,9765,amanda nunes|kayla harrison,kayla-harrison-vs-amanda-nunes-81850,2026-11-14,UFC 334: Gane vs. Hokit,ufc,amanda nunes,kayla harrison,Bet365,sportsbook,2.6000,1.5208,+160,-192,2026-09-23T00:31:21.784749+00:00,217.44,partial,T2ZmZXJOb2RlOjEwMzc0MTU4OQ==,A_1,O,0
2026-10-02T01:57:32.340425+00:00,9765,amanda nunes|kayla harrison,kayla-harrison-vs-amanda-nunes-81850,2026-11-14,UFC 334: Gane vs. Hokit,ufc,amanda nunes,kayla harrison,Bovada,sportsbook,2.6800,1.5051,+168,-198,2026-09-30T04:24:31.812692+00:00,45.55,partial,T2ZmZXJOb2RlOjEwMzc0MDQ5MQ==,A_1,O,0
2026-10-02T01:57:32.340425+00:00,9765,amanda nunes|kayla harrison,kayla-harrison-vs-amanda-nunes-81850,2026-11-14,UFC 334: Gane vs. Hokit,ufc,amanda nunes,kayla harrison,MyBookie,sportsbook,2.5400,1.4587,+154,-218,2026-09-22T05:34:09.624661+00:00,236.39,partial,T2ZmZXJOb2RlOjEwMzc0MDQ4OA==,A_1,O,0
2026-10-02T01:57:32.340425+00:00,9765,amanda nunes|kayla harrison,kayla-harrison-vs-amanda-nunes-81850,2026-11-14,UFC 334: Gane vs. Hokit,ufc,amanda nunes,kayla harrison,Bet105,sportsbook,2.5900,1.5319,+159,-188,2026-09-21T18:13:51.293063+00:00,247.73,partial,T2ZmZXJOb2RlOjEwMzczOTQwMA==,A_1,O,0
2026-10-02T01:57:32.340425+00:00,9765,amanda nunes|kayla harrison,kayla-harrison-vs-amanda-nunes-81850,2026-11-14,UFC 334: Gane vs. Hokit,ufc,amanda nunes,kayla harrison,Stake,sportsbook,2.6500,1.4902,+165,-204,2026-09-22T00:25:33.932093+00:00,241.53,partial,T2ZmZXJOb2RlOjEwMzczODgyMg==,A_1,O,0
2026-10-02T01:57:32.340425+00:00,9765,amanda nunes|kayla harrison,kayla-harrison-vs-amanda-nunes-81850,2026-11-14,UFC 334: Gane vs. Hokit,ufc,amanda nunes,kayla harrison,HardRockBet,sportsbook,2.6500,1.5000,+165,-200,2026-09-21T09:12:26.243793+00:00,256.75,partial,T2ZmZXJOb2RlOjEwMzczODgyMQ==,A_1,O,0
2026-10-02T01:57:32.340425+00:00,9765,amanda nunes|kayla harrison,kayla-harrison-vs-amanda-nunes-81850,2026-11-14,UFC 334: Gane vs. Hokit,ufc,amanda nunes,kayla harrison,Caesars,sportsbook,2.5000,1.5000,+150,-200,2026-09-24T09:05:20.460299+00:00,184.87,partial,T2ZmZXJOb2RlOjEwMzczODQwNw==,A_1,O,0
2026-10-02T01:57:32.340425+00:00,9765,amanda nunes|kayla harrison,kayla-harrison-vs-amanda-nunes-81850,2026-11-14,UFC 334: Gane vs. Hokit,ufc,amanda nunes,kayla harrison,BetMGM,sportsbook,2.4500,1.5263,+145,-190,2026-09-20T18:07:19.453692+00:00,271.84,partial,T2ZmZXJOb2RlOjEwMzczODIyMw==,A_1,O,0
2026-10-02T01:57:32.340425+00:00,9765,amanda nunes|kayla harrison,kayla-harrison-vs-amanda-nunes-81850,2026-11-14,UFC 334: Gane vs. Hokit,ufc,amanda nunes,kayla harrison,Pinnacle,sportsbook,2.5900,1.5319,+159,-188,2026-09-21T00:20:48.677943+00:00,265.61,partial,T2ZmZXJOb2RlOjEwMzczODA3MQ==,A_1,O,0
2026-10-02T01:57:32.340425+00:00,9765,amanda nunes|kayla harrison,kayla-harrison-vs-amanda-nunes-81850,2026-11-14,UFC 334: Gane vs. Hokit,ufc,amanda nunes,kayla harrison,BetRivers,sportsbook,2.6300,1.4902,+163,-204,2026-09-20T13:31:07.423219+00:00,276.44,partial,T2ZmZXJOb2RlOjEwMzczODAwMw==,A_1,O,0
2026-10-02T01:57:32.340425+00:00,9765,amanda nunes|kayla harrison,kayla-harrison-vs-amanda-nunes-81850,2026-11-14,UFC 334: Gane vs. Hokit,ufc,amanda nunes,kayla harrison,Novig,exchange,2.6000,1.4608,+160,-217,2026-09-29T09:30:56.710242+00:00,64.44,partial,T2ZmZXJOb2RlOjEwMzczNzg2Mw==,A_1,O,0
2026-10-02T01:57:32.340425+00:00,9765,amanda nunes|kayla harrison,kayla-harrison-vs-amanda-nunes-81850,2026-11-14,UFC 334: Gane vs. Hokit,ufc,amanda nunes,kayla harrison,BetOnline,sportsbook,2.6900,1.5000,+169,-200,2026-09-21T23:38:36.292508+00:00,242.32,partial,T2ZmZXJOb2RlOjEwMzczNzgwOA==,A_1,O,0
2026-10-02T01:57:32.340425+00:00,9765,amanda nunes|kayla harrison,kayla-harrison-vs-amanda-nunes-81850,2026-11-14,UFC 334: Gane vs. Hokit,ufc,amanda nunes,kayla harrison,DraftKings,sportsbook,2.6000,1.5208,+160,-192,2026-09-22T17:41:00.983582+00:00,224.28,partial,T2ZmZXJOb2RlOjEwMzczNzgwNA==,A_1,O,0
