poll_time,event_pk,event_date,event_name,promotion,fight_slug,offer_id,outcome_id,book,book_role,type_id,category,subcategory,description,not_description,offer_value,type_value,outcome_name,outcome_fighter_slug,is_not,american,american_open,american_best,american_worst,source_offer_ts,source_created_at,source_change_age_h,offer_status,disabled,cycle_status
2026-09-29T07:19:29.814663+00:00,9106,2026-09-29,Contender Series 2026: Week 8,dwcs,george-staines-vs-loai-abushaar-81551,T2ZmZXJOb2RlOjEwMzc1MDUzMQ==,T3V0Y29tZU5vZGU6Njg4NzMwMw==,Kalshi,exchange,END_KO,A_4,A_5,"Fight ends by KO, TKO or DQ","Fight doesn't end by KO, TKO or DQ",,,KO/TKO/DQ,,0,+122,-186,+122,-186,2026-09-29T07:19:25.270094+00:00,2026-09-27T00:34:25.495717+00:00,0.0,O,0,complete
2026-09-29T07:19:29.814663+00:00,9106,2026-09-29,Contender Series 2026: Week 8,dwcs,george-staines-vs-loai-abushaar-81551,T2ZmZXJOb2RlOjEwMzc1MDUzNw==,T3V0Y29tZU5vZGU6Njg4NzMwOQ==,Kalshi,exchange,R_1,A_5,A_14,wins in round 1,doesn't win in round 1,,1.0,George Staines to win in Round 1,george-staines-57059,0,+567,+525,+567,+270,2026-09-29T07:19:25.484881+00:00,2026-09-27T00:34:25.623478+00:00,0.0,O,0,complete
2026-09-29T07:19:29.814663+00:00,9106,2026-09-29,Contender Series 2026: Week 8,dwcs,george-staines-vs-loai-abushaar-81551,T2ZmZXJOb2RlOjEwMzc1MDUzMg==,T3V0Y29tZU5vZGU6Njg4NzMwNA==,Kalshi,exchange,END_SUB,A_4,A_5,Fight ends in submission,Fight doesn't end in submission,,,Submission,,0,+122,-186,+122,-186,2026-09-29T07:09:19.965173+00:00,2026-09-27T00:34:25.515921+00:00,0.17,O,0,complete
2026-09-29T07:19:29.814663+00:00,9106,2026-09-29,Contender Series 2026: Week 8,dwcs,george-staines-vs-loai-abushaar-81551,T2ZmZXJOb2RlOjEwMzc0NzA4OA==,T3V0Y29tZU5vZGU6Njg4MjU2Nw==,Polymarket,exchange,END_SUB,A_4,A_5,Fight ends in submission,Fight doesn't end in submission,,,Will the fight be won by submission? - Yes,,0,-355,-3233,-194,-4900,2026-09-29T07:14:40.971367+00:00,2026-09-23T22:04:45.869208+00:00,0.08,O,0,complete
2026-09-29T07:19:29.814663+00:00,9106,2026-09-29,Contender Series 2026: Week 8,dwcs,george-staines-vs-loai-abushaar-81551,T2ZmZXJOb2RlOjEwMzc0NzA4NQ==,T3V0Y29tZU5vZGU6Njg4MjU2Mg==,Polymarket,exchange,END_KO,A_4,A_5,"Fight ends by KO, TKO or DQ","Fight doesn't end by KO, TKO or DQ",,,Will the fight be won by KO or TKO? - No,,1,-2400,-3233,-1329,-4900,2026-09-29T07:09:21.190247+00:00,2026-09-23T22:04:45.672460+00:00,0.17,O,0,complete
2026-09-29T07:19:29.814663+00:00,9106,2026-09-29,Contender Series 2026: Week 8,dwcs,zaurbek-sabanov-vs-adama-diop-80584,T2ZmZXJOb2RlOjEwMzc1MDQ4OA==,T3V0Y29tZU5vZGU6Njg4NzI0Mg==,Kalshi,exchange,SUB,A_5,A_13,wins by submission,doesn't win by submission,,3.0,Zaurbek Sabanov by Submission,zaurbek-sabanov-50635,0,+144,+100,+669,+100,2026-09-29T07:19:24.960898+00:00,2026-09-27T00:15:07.544504+00:00,0.0,O,0,complete
2026-09-29T07:19:29.814663+00:00,9106,2026-09-29,Contender Series 2026: Week 8,dwcs,zaurbek-sabanov-vs-adama-diop-80584,T2ZmZXJOb2RlOjEwMzc1MDQ5Nw==,T3V0Y29tZU5vZGU6Njg4NzI1MQ==,Kalshi,exchange,R_2,A_5,A_14,wins in round 2,doesn't win in round 2,,2.0,Zaurbek Sabanov to win in Round 2,zaurbek-sabanov-50635,0,+335,+525,+525,+245,2026-09-29T07:19:25.451135+00:00,2026-09-27T00:15:08.185509+00:00,0.0,O,0,complete
2026-09-29T07:19:29.814663+00:00,9106,2026-09-29,Contender Series 2026: Week 8,dwcs,zaurbek-sabanov-vs-adama-diop-80584,T2ZmZXJOb2RlOjEwMzc1MDQ4NA==,T3V0Y29tZU5vZGU6Njg4NzIzOA==,Kalshi,exchange,KO,A_5,A_13,wins by TKO/KO,doesn't win by TKO/KO,,2.0,Adama Diop by KO/TKO/DQ,adama-diop-52991,0,+163,+100,+614,+100,2026-09-29T07:19:24.914123+00:00,2026-09-27T00:15:07.291287+00:00,0.0,O,0,complete
2026-09-29T07:19:29.814663+00:00,9106,2026-09-29,Contender Series 2026: Week 8,dwcs,zaurbek-sabanov-vs-adama-diop-80584,T2ZmZXJOb2RlOjEwMzc0NzA5Nw==,T3V0Y29tZU5vZGU6Njg4MjU4NQ==,Polymarket,exchange,END_SUB,A_4,A_5,Fight ends in submission,Fight doesn't end in submission,,,Will the fight be won by submission? - Yes,,0,-733,-4900,-104,-4900,2026-09-29T07:14:41.244828+00:00,2026-09-23T22:04:46.312937+00:00,0.08,O,0,complete
2026-09-29T07:19:29.814663+00:00,9106,2026-09-29,Contender Series 2026: Week 8,dwcs,zaurbek-sabanov-vs-adama-diop-80584,T2ZmZXJOb2RlOjEwMzc0NzA5Ng==,T3V0Y29tZU5vZGU6Njg4MjU4Mw==,Polymarket,exchange,KO,A_5,A_13,wins by TKO/KO,doesn't win by TKO/KO,,2.0,Will Adama Diop win by KO or TKO? - Yes,adama-diop-52991,0,+122,-4900,+335,-4900,2026-09-29T07:09:21.234548+00:00,2026-09-23T22:04:46.262804+00:00,0.17,O,0,complete
2026-09-29T07:19:29.814663+00:00,9106,2026-09-29,Contender Series 2026: Week 8,dwcs,zaurbek-sabanov-vs-adama-diop-80584,T2ZmZXJOb2RlOjEwMzc0NzA5NA==,T3V0Y29tZU5vZGU6Njg4MjU3OQ==,Polymarket,exchange,END_KO,A_4,A_5,"Fight ends by KO, TKO or DQ","Fight doesn't end by KO, TKO or DQ",,,Will the fight be won by KO or TKO? - Yes,,0,-488,-4900,+108,-4900,2026-09-29T07:14:41.174011+00:00,2026-09-23T22:04:46.143350+00:00,0.08,O,0,complete
2026-09-29T07:19:29.814663+00:00,9106,2026-09-29,Contender Series 2026: Week 8,dwcs,zaurbek-sabanov-vs-adama-diop-80584,T2ZmZXJOb2RlOjEwMzc0NzA5NA==,T3V0Y29tZU5vZGU6Njg4MjU4MA==,Polymarket,exchange,END_KO,A_4,A_5,"Fight ends by KO, TKO or DQ","Fight doesn't end by KO, TKO or DQ",,,Will the fight be won by KO or TKO? - No,,1,-156,-4900,+376,-4900,2026-09-29T07:14:41.174011+00:00,2026-09-23T22:04:46.143350+00:00,0.08,O,0,complete
2026-09-29T07:19:29.814663+00:00,9106,2026-09-29,Contender Series 2026: Week 8,dwcs,zaurbek-sabanov-vs-adama-diop-80584,T2ZmZXJOb2RlOjEwMzc0NzA5Mw==,T3V0Y29tZU5vZGU6Njg4MjU3Nw==,Polymarket,exchange,DISTANCE,A_4,A_2,Fight goes the distance,Fight ends inside distance,,,Fight to Go the Distance? - Yes,,0,+300,-4900,+376,-4900,2026-09-29T07:09:21.224822+00:00,2026-09-23T22:04:46.096124+00:00,0.17,O,0,complete
2026-09-29T07:19:29.814663+00:00,9106,2026-09-29,Contender Series 2026: Week 8,dwcs,ian-escuza-vs-luca-borando-79907,T2ZmZXJOb2RlOjEwMzc1MDQ3Ng==,T3V0Y29tZU5vZGU6Njg4NzIyNA==,Kalshi,exchange,START_3,A_4,A_3,Fight starts round 3,Fight doesn't start round 3,,3.0,Fight to start round 3 - No,,1,-400,-300,-127,-1329,2026-09-29T07:14:36.738409+00:00,2026-09-26T23:54:27.436751+00:00,0.08,O,0,complete
2026-09-29T07:19:29.814663+00:00,9106,2026-09-29,Contender Series 2026: Week 8,dwcs,ian-escuza-vs-luca-borando-79907,T2ZmZXJOb2RlOjEwMzc1MDQ2Nw==,T3V0Y29tZU5vZGU6Njg4NzIxMw==,Kalshi,exchange,END_SUB,A_4,A_5,Fight ends in submission,Fight doesn't end in submission,,,Submission,,0,+127,-270,+127,-270,2026-09-29T07:09:19.912632+00:00,2026-09-26T23:54:27.205069+00:00,0.17,O,0,complete
2026-09-29T07:19:29.814663+00:00,9106,2026-09-29,Contender Series 2026: Week 8,dwcs,ian-escuza-vs-luca-borando-79907,T2ZmZXJOb2RlOjEwMzc1MDQ2Ng==,T3V0Y29tZU5vZGU6Njg4NzIxMg==,Kalshi,exchange,END_KO,A_4,A_5,"Fight ends by KO, TKO or DQ","Fight doesn't end by KO, TKO or DQ",,,KO/TKO/DQ,,0,-150,-270,-117,-270,2026-09-29T07:19:25.172566+00:00,2026-09-26T23:54:27.175585+00:00,0.0,O,0,complete
2026-09-29T07:19:29.814663+00:00,9106,2026-09-29,Contender Series 2026: Week 8,dwcs,ian-escuza-vs-luca-borando-79907,T2ZmZXJOb2RlOjEwMzc0NzEwNg==,T3V0Y29tZU5vZGU6Njg4MjYwMw==,Polymarket,exchange,END_SUB,A_4,A_5,Fight ends in submission,Fight doesn't end in submission,,,Will the fight be won by submission? - Yes,,0,-456,-4900,-194,-4900,2026-09-29T07:14:41.394408+00:00,2026-09-23T22:04:47.176932+00:00,0.08,O,0,complete
2026-09-29T07:19:29.814663+00:00,9106,2026-09-29,Contender Series 2026: Week 8,dwcs,ian-escuza-vs-luca-borando-79907,T2ZmZXJOb2RlOjEwMzc0NzEwNg==,T3V0Y29tZU5vZGU6Njg4MjYwNA==,Polymarket,exchange,END_SUB,A_4,A_5,Fight ends in submission,Fight doesn't end in submission,,,Will the fight be won by submission? - No,,1,-2400,-4900,-1567,-4900,2026-09-29T07:14:41.394408+00:00,2026-09-23T22:04:47.176932+00:00,0.08,O,0,complete
2026-09-29T07:19:29.814663+00:00,9106,2026-09-29,Contender Series 2026: Week 8,dwcs,ian-escuza-vs-luca-borando-79907,T2ZmZXJOb2RlOjEwMzc0NzEwMg==,T3V0Y29tZU5vZGU6Njg4MjU5NQ==,Polymarket,exchange,DISTANCE,A_4,A_2,Fight goes the distance,Fight ends inside distance,,,Fight to Go the Distance? - Yes,,0,+300,-4900,+317,-4900,2026-09-29T07:14:41.318403+00:00,2026-09-23T22:04:46.840179+00:00,0.08,O,0,complete
2026-09-29T07:19:29.814663+00:00,9106,2026-09-29,Contender Series 2026: Week 8,dwcs,ian-escuza-vs-luca-borando-79907,T2ZmZXJOb2RlOjEwMzc0NzEwNQ==,T3V0Y29tZU5vZGU6Njg4MjYwMQ==,Polymarket,exchange,KO,A_5,A_13,wins by TKO/KO,doesn't win by TKO/KO,,2.0,Will Ian Escuza win by KO or TKO? - Yes,ian-escuza-67615,0,-2400,-4900,+100,-4900,2026-09-29T07:09:21.264384+00:00,2026-09-23T22:04:47.120536+00:00,0.17,O,0,complete
2026-09-29T07:19:29.814663+00:00,9106,2026-09-29,Contender Series 2026: Week 8,dwcs,ian-escuza-vs-luca-borando-79907,T2ZmZXJOb2RlOjEwMzc0NzEwMw==,T3V0Y29tZU5vZGU6Njg4MjU5Nw==,Polymarket,exchange,END_KO,A_4,A_5,"Fight ends by KO, TKO or DQ","Fight doesn't end by KO, TKO or DQ",,,Will the fight be won by KO or TKO? - Yes,,0,-2400,-4900,-127,-4900,2026-09-29T07:14:41.350902+00:00,2026-09-23T22:04:46.915786+00:00,0.08,O,0,complete
2026-09-29T07:19:29.814663+00:00,9106,2026-09-29,Contender Series 2026: Week 8,dwcs,ian-escuza-vs-luca-borando-79907,T2ZmZXJOb2RlOjEwMzc0NzEwMw==,T3V0Y29tZU5vZGU6Njg4MjU5OA==,Polymarket,exchange,END_KO,A_4,A_5,"Fight ends by KO, TKO or DQ","Fight doesn't end by KO, TKO or DQ",,,Will the fight be won by KO or TKO? - No,,1,-335,-4900,-335,-4900,2026-09-29T07:14:41.350902+00:00,2026-09-23T22:04:46.915786+00:00,0.08,O,0,complete
2026-09-29T07:19:29.814663+00:00,9106,2026-09-29,Contender Series 2026: Week 8,dwcs,camila-reynoso-vs-aieza-bertolso-80985,T2ZmZXJOb2RlOjEwMzc1MDQyNQ==,T3V0Y29tZU5vZGU6Njg4NzE1Mw==,Kalshi,exchange,DEC,A_5,A_13,wins by decision,doesn't win by decision,,1.0,Camila Reynoso by Decision,camila-reynoso-70552,0,+456,+100,+1329,+100,2026-09-29T07:19:24.810462+00:00,2026-09-26T23:34:17.265561+00:00,0.0,O,0,complete
2026-09-29T07:19:29.814663+00:00,9106,2026-09-29,Contender Series 2026: Week 8,dwcs,camila-reynoso-vs-aieza-bertolso-80985,T2ZmZXJOb2RlOjEwMzc1MDQyNA==,T3V0Y29tZU5vZGU6Njg4NzE1Mg==,Kalshi,exchange,SUB,A_5,A_13,wins by submission,doesn't win by submission,,3.0,Camila Reynoso by Submission,camila-reynoso-70552,0,+488,+100,+9900,+100,2026-09-29T07:19:24.800031+00:00,2026-09-26T23:34:17.248703+00:00,0.0,O,0,complete
2026-09-29T07:19:29.814663+00:00,9106,2026-09-29,Contender Series 2026: Week 8,dwcs,camila-reynoso-vs-aieza-bertolso-80985,T2ZmZXJOb2RlOjEwMzc1MDQyMw==,T3V0Y29tZU5vZGU6Njg4NzE1MQ==,Kalshi,exchange,KO,A_5,A_13,wins by TKO/KO,doesn't win by TKO/KO,,2.0,Camila Reynoso by KO/TKO/DQ,camila-reynoso-70552,0,+163,+100,+809,+100,2026-09-29T07:19:24.791092+00:00,2026-09-26T23:34:17.218926+00:00,0.0,O,0,complete
2026-09-29T07:19:29.814663+00:00,9106,2026-09-29,Contender Series 2026: Week 8,dwcs,camila-reynoso-vs-aieza-bertolso-80985,T2ZmZXJOb2RlOjEwMzc1MDQzNw==,T3V0Y29tZU5vZGU6Njg4NzE2Nw==,Kalshi,exchange,DISTANCE,A_4,A_2,Fight goes the distance,Fight ends inside distance,,,Fight goes the distance - Yes,,0,+138,-1900,+400,-1900,2026-09-29T07:19:25.539952+00:00,2026-09-26T23:34:17.600263+00:00,0.0,O,0,complete
2026-09-29T07:19:29.814663+00:00,9106,2026-09-29,Contender Series 2026: Week 8,dwcs,camila-reynoso-vs-aieza-bertolso-80985,T2ZmZXJOb2RlOjEwMzc1MDQyMQ==,T3V0Y29tZU5vZGU6Njg4NzE0OQ==,Kalshi,exchange,SUB,A_5,A_13,wins by submission,doesn't win by submission,,3.0,Aieza Bertolso by Submission,aieza-bertolso-44465,0,-104,+100,+223,-133,2026-09-29T07:19:24.751098+00:00,2026-09-26T23:34:17.158539+00:00,0.0,O,0,complete
2026-09-29T07:19:29.814663+00:00,9106,2026-09-29,Contender Series 2026: Week 8,dwcs,camila-reynoso-vs-aieza-bertolso-80985,T2ZmZXJOb2RlOjEwMzc1MDQyMA==,T3V0Y29tZU5vZGU6Njg4NzE0OA==,Kalshi,exchange,KO,A_5,A_13,wins by TKO/KO,doesn't win by TKO/KO,,2.0,Aieza Bertolso by KO/TKO/DQ,aieza-bertolso-44465,0,+127,+100,+1900,+100,2026-09-29T07:14:36.070703+00:00,2026-09-26T23:34:17.145589+00:00,0.08,O,0,complete
2026-09-29T07:19:29.814663+00:00,9106,2026-09-29,Contender Series 2026: Week 8,dwcs,camila-reynoso-vs-aieza-bertolso-80985,T2ZmZXJOb2RlOjEwMzc0NzExMQ==,T3V0Y29tZU5vZGU6Njg4MjYxNA==,Polymarket,exchange,DISTANCE,A_4,A_2,Fight goes the distance,Fight ends inside distance,,,Fight to Go the Distance? - No,,1,-669,-9900,+100,-9900,2026-09-29T07:14:41.478183+00:00,2026-09-23T22:04:47.320276+00:00,0.08,O,0,complete
2026-09-29T07:19:29.814663+00:00,9106,2026-09-29,Contender Series 2026: Week 8,dwcs,camila-reynoso-vs-aieza-bertolso-80985,T2ZmZXJOb2RlOjEwMzc0NzExNQ==,T3V0Y29tZU5vZGU6Njg4MjYyMQ==,Polymarket,exchange,END_SUB,A_4,A_5,Fight ends in submission,Fight doesn't end in submission,,,Will the fight be won by submission? - Yes,,0,-456,-4900,-194,-4900,2026-09-29T07:09:21.302500+00:00,2026-09-23T22:04:47.542770+00:00,0.17,O,0,complete
2026-09-29T07:19:29.814663+00:00,9106,2026-09-29,Contender Series 2026: Week 8,dwcs,camila-reynoso-vs-aieza-bertolso-80985,T2ZmZXJOb2RlOjEwMzc0NzExMw==,T3V0Y29tZU5vZGU6Njg4MjYxNw==,Polymarket,exchange,KO,A_5,A_13,wins by TKO/KO,doesn't win by TKO/KO,,2.0,Will Camila Reynoso win by KO or TKO? - Yes,camila-reynoso-70552,0,+127,-4900,+355,-4900,2026-09-29T07:09:21.291686+00:00,2026-09-23T22:04:47.454488+00:00,0.17,O,0,complete
2026-09-29T07:19:29.814663+00:00,9106,2026-09-29,Contender Series 2026: Week 8,dwcs,camila-reynoso-vs-aieza-bertolso-80985,T2ZmZXJOb2RlOjEwMzc0NzExMw==,T3V0Y29tZU5vZGU6Njg4MjYxOA==,Polymarket,exchange,KO,A_5,A_13,wins by TKO/KO,doesn't win by TKO/KO,,2.0,Will Camila Reynoso win by KO or TKO? - No,camila-reynoso-70552,1,-2400,-4900,-614,-4900,2026-09-29T07:09:21.291686+00:00,2026-09-23T22:04:47.454488+00:00,0.17,O,0,complete
2026-09-29T07:19:29.814663+00:00,9106,2026-09-29,Contender Series 2026: Week 8,dwcs,ilias-bulaid-vs-erick-viscondi-80583,T2ZmZXJOb2RlOjEwMzc1MDM5Ng==,T3V0Y29tZU5vZGU6Njg4NzExNg==,Kalshi,exchange,END_KO,A_4,A_5,"Fight ends by KO, TKO or DQ","Fight doesn't end by KO, TKO or DQ",,,KO/TKO/DQ,,0,-144,-186,+117,-186,2026-09-29T07:19:25.049384+00:00,2026-09-26T23:14:33.139854+00:00,0.0,O,0,complete
2026-09-29T07:19:29.814663+00:00,9106,2026-09-29,Contender Series 2026: Week 8,dwcs,ilias-bulaid-vs-erick-viscondi-80583,T2ZmZXJOb2RlOjEwMzc1MDQwNw==,T3V0Y29tZU5vZGU6Njg4NzEyOQ==,Kalshi,exchange,DISTANCE,A_4,A_2,Fight goes the distance,Fight ends inside distance,,,Fight goes the distance - Yes,,0,+270,-1900,+300,-1900,2026-09-29T07:19:25.532824+00:00,2026-09-26T23:14:33.311597+00:00,0.0,O,0,complete
2026-09-29T07:19:29.814663+00:00,9106,2026-09-29,Contender Series 2026: Week 8,dwcs,ilias-bulaid-vs-erick-viscondi-80583,T2ZmZXJOb2RlOjEwMzc1MDQwNw==,T3V0Y29tZU5vZGU6Njg4NzEzMA==,Kalshi,exchange,DISTANCE,A_4,A_2,Fight goes the distance,Fight ends inside distance,,,Fight goes the distance - No,,1,-335,-567,-150,-567,2026-09-29T07:19:25.532824+00:00,2026-09-26T23:14:33.311597+00:00,0.0,O,0,complete
2026-09-29T07:19:29.814663+00:00,9106,2026-09-29,Contender Series 2026: Week 8,dwcs,ilias-bulaid-vs-erick-viscondi-80583,T2ZmZXJOb2RlOjEwMzc1MDQwNQ==,T3V0Y29tZU5vZGU6Njg4NzEyNQ==,Kalshi,exchange,START_2,A_4,A_3,Fight starts round 2,Fight doesn't start round 2,,2.0,Fight to start round 2 - Yes,,0,-194,-9900,-104,-9900,2026-09-29T07:19:25.495897+00:00,2026-09-26T23:14:33.270305+00:00,0.0,O,0,complete
2026-09-29T07:19:29.814663+00:00,9106,2026-09-29,Contender Series 2026: Week 8,dwcs,ilias-bulaid-vs-erick-viscondi-80583,T2ZmZXJOb2RlOjEwMzc1MDM5Nw==,T3V0Y29tZU5vZGU6Njg4NzExNw==,Kalshi,exchange,END_SUB,A_4,A_5,Fight ends in submission,Fight doesn't end in submission,,,Submission,,0,-108,-186,+104,-186,2026-09-29T07:19:25.059386+00:00,2026-09-26T23:14:33.153231+00:00,0.0,O,0,complete
2026-09-29T07:19:29.814663+00:00,9106,2026-09-29,Contender Series 2026: Week 8,dwcs,ilias-bulaid-vs-erick-viscondi-80583,T2ZmZXJOb2RlOjEwMzc0NzEyMw==,T3V0Y29tZU5vZGU6Njg4MjYzOA==,Polymarket,exchange,END_SUB,A_4,A_5,Fight ends in submission,Fight doesn't end in submission,,,Will the fight be won by submission? - No,,1,-2400,-4900,-1567,-4900,2026-09-29T07:14:41.719269+00:00,2026-09-23T22:04:47.720614+00:00,0.08,O,0,complete
2026-09-29T07:19:29.814663+00:00,9106,2026-09-29,Contender Series 2026: Week 8,dwcs,ilias-bulaid-vs-erick-viscondi-80583,T2ZmZXJOb2RlOjEwMzc0NzE2Mg==,T3V0Y29tZU5vZGU6Njg4MjY4OA==,Polymarket,exchange,KO,A_5,A_13,wins by TKO/KO,doesn't win by TKO/KO,,2.0,Will Ilias Bulaid win by KO or TKO? - Yes,ilias-bulaid-32992,0,-335,-4900,-117,-4900,2026-09-29T07:14:41.688642+00:00,2026-09-23T22:14:47.995654+00:00,0.08,O,0,complete
2026-09-29T07:19:29.814663+00:00,9106,2026-09-29,Contender Series 2026: Week 8,dwcs,ilias-bulaid-vs-erick-viscondi-80583,T2ZmZXJOb2RlOjEwMzc0NzE2Mg==,T3V0Y29tZU5vZGU6Njg4MjY4OQ==,Polymarket,exchange,KO,A_5,A_13,wins by TKO/KO,doesn't win by TKO/KO,,2.0,Will Ilias Bulaid win by KO or TKO? - No,ilias-bulaid-32992,1,-127,-4900,-127,-4900,2026-09-29T07:14:41.688642+00:00,2026-09-23T22:14:47.995654+00:00,0.08,O,0,complete
2026-09-29T07:19:29.814663+00:00,9106,2026-09-29,Contender Series 2026: Week 8,dwcs,ilias-bulaid-vs-erick-viscondi-80583,T2ZmZXJOb2RlOjEwMzc0NzEyMA==,T3V0Y29tZU5vZGU6Njg4MjYzMQ==,Polymarket,exchange,DISTANCE,A_4,A_2,Fight goes the distance,Fight ends inside distance,,,Fight to Go the Distance? - Yes,,0,+212,-9900,+257,-9900,2026-09-29T07:14:41.648473+00:00,2026-09-23T22:04:47.648482+00:00,0.08,O,0,complete
2026-09-29T07:19:29.814663+00:00,9106,2026-09-29,Contender Series 2026: Week 8,dwcs,ilias-bulaid-vs-erick-viscondi-80583,T2ZmZXJOb2RlOjEwMzc0NzEyMA==,T3V0Y29tZU5vZGU6Njg4MjYzMg==,Polymarket,exchange,DISTANCE,A_4,A_2,Fight goes the distance,Fight ends inside distance,,,Fight to Go the Distance? - No,,1,-1011,-9900,-270,-9900,2026-09-29T07:14:41.648473+00:00,2026-09-23T22:04:47.648482+00:00,0.08,O,0,complete
2026-09-29T07:19:29.814663+00:00,9743,2026-10-03,UFC 332: Silva vs. Wang,ufc,natalia-cristina-da-silva-vs-cong-wang-81444,T2ZmZXJOb2RlOjEwMzc1MjYyMQ==,T3V0Y29tZU5vZGU6Njg5MDA4Ng==,Polymarket(US),exchange,KO,A_5,A_13,wins by TKO/KO,doesn't win by TKO/KO,,2.0,Natalia Silva by KO/TKO/DQ,natalia-cristina-da-silva-28261,0,+488,+488,+488,+488,2026-09-29T05:00:52.384226+00:00,2026-09-29T05:00:50.310940+00:00,2.31,S,0,complete
2026-09-29T07:19:29.814663+00:00,9743,2026-10-03,UFC 332: Silva vs. Wang,ufc,payton-talbott-vs-deiveson-figueiredo-80750,T2ZmZXJOb2RlOjEwMzc1MjYyNA==,T3V0Y29tZU5vZGU6Njg5MDA4OQ==,Polymarket(US),exchange,SUB,A_5,A_13,wins by submission,doesn't win by submission,,3.0,Payton Talbott by submission,payton-talbott-52177,0,+567,+733,+733,+567,2026-09-29T06:45:40.359270+00:00,2026-09-29T06:30:49.915474+00:00,0.56,S,0,complete
2026-09-29T07:19:29.814663+00:00,9743,2026-10-03,UFC 332: Silva vs. Wang,ufc,payton-talbott-vs-deiveson-figueiredo-80750,T2ZmZXJOb2RlOjEwMzc1MjYyMg==,T3V0Y29tZU5vZGU6Njg5MDA4Nw==,Polymarket(US),exchange,DEC,A_5,A_13,wins by decision,doesn't win by decision,,1.0,Payton Talbott by decision,payton-talbott-52177,0,+122,+122,+122,+122,2026-09-29T05:00:53.602123+00:00,2026-09-29T05:00:50.404364+00:00,2.31,S,0,complete
2026-09-29T07:19:29.814663+00:00,9743,2026-10-03,UFC 332: Silva vs. Wang,ufc,damian-pinas-vs-andrey-pulyaev-80903,T2ZmZXJOb2RlOjEwMzc1MTgwMA==,T3V0Y29tZU5vZGU6Njg4OTExMw==,ReBet,sportsbook,DEC,A_5,A_13,wins by decision,doesn't win by decision,,1.0,Andrey Pulyaev by decision,andrey-pulyaev-58835,0,+910,+850,+910,+790,2026-09-29T07:00:52.655981+00:00,2026-09-28T19:31:24.412223+00:00,0.31,O,0,complete
2026-09-29T07:19:29.814663+00:00,9743,2026-10-03,UFC 332: Silva vs. Wang,ufc,damian-pinas-vs-andrey-pulyaev-80903,T2ZmZXJOb2RlOjEwMzc1MTc5OQ==,T3V0Y29tZU5vZGU6Njg4OTExMg==,ReBet,sportsbook,DEC,A_5,A_13,wins by decision,doesn't win by decision,,1.0,Damian Pinas by decision,damian-pinas-69882,0,+460,+400,+460,+400,2026-09-29T07:00:52.626894+00:00,2026-09-28T19:31:24.367525+00:00,0.31,O,0,complete
2026-09-29T07:19:29.814663+00:00,9743,2026-10-03,UFC 332: Silva vs. Wang,ufc,damian-pinas-vs-andrey-pulyaev-80903,T2ZmZXJOb2RlOjEwMzc1MTc5OA==,T3V0Y29tZU5vZGU6Njg4OTExMQ==,ReBet,sportsbook,KO,A_5,A_13,wins by TKO/KO,doesn't win by TKO/KO,,2.0,Andrey Pulyaev by ko,andrey-pulyaev-58835,0,+880,+1050,+1050,+880,2026-09-29T07:00:52.607429+00:00,2026-09-28T19:31:24.322468+00:00,0.31,O,0,complete
2026-09-29T07:19:29.814663+00:00,9743,2026-10-03,UFC 332: Silva vs. Wang,ufc,damian-pinas-vs-andrey-pulyaev-80903,T2ZmZXJOb2RlOjEwMzc1MTc5Nw==,T3V0Y29tZU5vZGU6Njg4OTExMA==,ReBet,sportsbook,KO,A_5,A_13,wins by TKO/KO,doesn't win by TKO/KO,,2.0,Damian Pinas by ko,damian-pinas-69882,0,-196,-192,-185,-196,2026-09-29T07:00:52.588049+00:00,2026-09-28T19:31:24.261124+00:00,0.31,O,0,complete
2026-09-29T07:19:29.814663+00:00,9743,2026-10-03,UFC 332: Silva vs. Wang,ufc,damian-pinas-vs-andrey-pulyaev-80903,T2ZmZXJOb2RlOjEwMzc1MjM0NA==,T3V0Y29tZU5vZGU6Njg4OTc1OQ==,MyBookie,sportsbook,DEC,A_5,A_13,wins by decision,doesn't win by decision,,1.0,"Pulyaev, Andrey by decision",andrey-pulyaev-58835,0,+810,+760,+840,+710,2026-09-29T07:04:13.357116+00:00,2026-09-28T22:49:24.606873+00:00,0.25,O,0,complete
2026-09-29T07:19:29.814663+00:00,9743,2026-10-03,UFC 332: Silva vs. Wang,ufc,damian-pinas-vs-andrey-pulyaev-80903,T2ZmZXJOb2RlOjEwMzc1MjM0Mw==,T3V0Y29tZU5vZGU6Njg4OTc1OA==,MyBookie,sportsbook,SUB,A_5,A_13,wins by submission,doesn't win by submission,,3.0,"Pulyaev, Andrey by submission",andrey-pulyaev-58835,0,+1275,+1500,+1500,+1250,2026-09-29T07:04:13.353824+00:00,2026-09-28T22:49:24.597607+00:00,0.25,O,0,complete
2026-09-29T07:19:29.814663+00:00,9743,2026-10-03,UFC 332: Silva vs. Wang,ufc,damian-pinas-vs-andrey-pulyaev-80903,T2ZmZXJOb2RlOjEwMzc1MjM0Mg==,T3V0Y29tZU5vZGU6Njg4OTc1Nw==,MyBookie,sportsbook,KO,A_5,A_13,wins by TKO/KO,doesn't win by TKO/KO,,2.0,"Pulyaev, Andrey by ko",andrey-pulyaev-58835,0,+790,+930,+930,+780,2026-09-29T07:04:13.351227+00:00,2026-09-28T22:49:24.589480+00:00,0.25,O,0,complete
2026-09-29T07:19:29.814663+00:00,9743,2026-10-03,UFC 332: Silva vs. Wang,ufc,damian-pinas-vs-andrey-pulyaev-80903,T2ZmZXJOb2RlOjEwMzc1MjM0MQ==,T3V0Y29tZU5vZGU6Njg4OTc1Ng==,MyBookie,sportsbook,DEC,A_5,A_13,wins by decision,doesn't win by decision,,1.0,"Pinas, Damian by decision",damian-pinas-69882,0,+410,+360,+420,+360,2026-09-29T07:04:13.348450+00:00,2026-09-28T22:49:24.578507+00:00,0.25,O,0,complete
2026-09-29T07:19:29.814663+00:00,9743,2026-10-03,UFC 332: Silva vs. Wang,ufc,damian-pinas-vs-andrey-pulyaev-80903,T2ZmZXJOb2RlOjEwMzc1MjM0MA==,T3V0Y29tZU5vZGU6Njg4OTc1NQ==,MyBookie,sportsbook,SUB,A_5,A_13,wins by submission,doesn't win by submission,,3.0,"Pinas, Damian by submission",damian-pinas-69882,0,+820,+810,+850,+810,2026-09-29T06:59:19.324678+00:00,2026-09-28T22:49:24.569013+00:00,0.34,O,0,complete
2026-09-29T07:19:29.814663+00:00,9743,2026-10-03,UFC 332: Silva vs. Wang,ufc,damian-pinas-vs-andrey-pulyaev-80903,T2ZmZXJOb2RlOjEwMzc1MjMzOQ==,T3V0Y29tZU5vZGU6Njg4OTc1NA==,MyBookie,sportsbook,KO,A_5,A_13,wins by TKO/KO,doesn't win by TKO/KO,,2.0,"Pinas, Damian by ko",damian-pinas-69882,0,-218,-214,-206,-222,2026-09-29T07:04:13.342505+00:00,2026-09-28T22:49:24.557140+00:00,0.25,O,0,complete
2026-09-29T07:19:29.814663+00:00,9743,2026-10-03,UFC 332: Silva vs. Wang,ufc,damian-pinas-vs-andrey-pulyaev-80903,T2ZmZXJOb2RlOjEwMzc1MTgwMg==,T3V0Y29tZU5vZGU6Njg4OTExNQ==,ReBet,sportsbook,SUB,A_5,A_13,wins by submission,doesn't win by submission,,3.0,Andrey Pulyaev by submission,andrey-pulyaev-58835,0,+1425,+1675,+1675,+1425,2026-09-29T07:00:52.743769+00:00,2026-09-28T19:31:24.562651+00:00,0.31,O,0,complete
2026-09-29T07:19:29.814663+00:00,9743,2026-10-03,UFC 332: Silva vs. Wang,ufc,damian-pinas-vs-andrey-pulyaev-80903,T2ZmZXJOb2RlOjEwMzc1MTgwMQ==,T3V0Y29tZU5vZGU6Njg4OTExNA==,ReBet,sportsbook,SUB,A_5,A_13,wins by submission,doesn't win by submission,,3.0,Damian Pinas by submission,damian-pinas-69882,0,+920,+900,+950,+900,2026-09-29T07:00:52.695782+00:00,2026-09-28T19:31:24.490153+00:00,0.31,O,0,complete
2026-09-29T07:19:29.814663+00:00,9743,2026-10-03,UFC 332: Silva vs. Wang,ufc,damian-pinas-vs-andrey-pulyaev-80903,T2ZmZXJOb2RlOjEwMzc1MTc5Ng==,T3V0Y29tZU5vZGU6Njg4OTEwOQ==,ReBet,sportsbook,SUB_DEC,A_5,A_30,wins by Submission or Decision,Any other result,,,Andrey Pulyaev Submission or Points,andrey-pulyaev-58835,0,+520,+530,+530,+500,2026-09-29T07:00:52.570356+00:00,2026-09-28T19:31:24.226507+00:00,0.31,O,0,complete
2026-09-29T07:19:29.814663+00:00,9743,2026-10-03,UFC 332: Silva vs. Wang,ufc,damian-pinas-vs-andrey-pulyaev-80903,T2ZmZXJOb2RlOjEwMzc1MTc5NQ==,T3V0Y29tZU5vZGU6Njg4OTEwOA==,ReBet,sportsbook,KO_DEC,A_5,A_30,wins by KO/TKO or Decision,Any other result,,,Andrey Pulyaev KO or Points,andrey-pulyaev-58835,0,+420,+430,+430,+410,2026-09-29T07:00:52.552863+00:00,2026-09-28T19:31:24.180031+00:00,0.31,O,0,complete
2026-09-29T07:19:29.814663+00:00,9743,2026-10-03,UFC 332: Silva vs. Wang,ufc,damian-pinas-vs-andrey-pulyaev-80903,T2ZmZXJOb2RlOjEwMzc1MTc5NA==,T3V0Y29tZU5vZGU6Njg4OTEwNw==,ReBet,sportsbook,KO_SUB,A_5,A_30,wins by KO/TKO or Submission,Any other result,,,Andrey Pulyaev KO or Submission,andrey-pulyaev-58835,0,+520,+610,+610,+520,2026-09-29T07:00:52.533805+00:00,2026-09-28T19:31:24.143525+00:00,0.31,O,0,complete
2026-09-29T07:19:29.814663+00:00,9743,2026-10-03,UFC 332: Silva vs. Wang,ufc,damian-pinas-vs-andrey-pulyaev-80903,T2ZmZXJOb2RlOjEwMzc1MTc5Mw==,T3V0Y29tZU5vZGU6Njg4OTEwNg==,ReBet,sportsbook,SUB_DEC,A_5,A_30,wins by Submission or Decision,Any other result,,,Damian Pinas Submission or Points,damian-pinas-69882,0,+275,+248,+275,+248,2026-09-29T07:00:52.512948+00:00,2026-09-28T19:31:24.089817+00:00,0.31,O,0,complete
2026-09-29T07:19:29.814663+00:00,9743,2026-10-03,UFC 332: Silva vs. Wang,ufc,damian-pinas-vs-andrey-pulyaev-80903,T2ZmZXJOb2RlOjEwMzc1MTc5Mg==,T3V0Y29tZU5vZGU6Njg4OTEwNQ==,ReBet,sportsbook,KO_DEC,A_5,A_30,wins by KO/TKO or Decision,Any other result,,,Damian Pinas KO or Points,damian-pinas-69882,0,-350,-380,-350,-380,2026-09-29T07:00:52.496674+00:00,2026-09-28T19:31:24.020799+00:00,0.31,O,0,complete
2026-09-29T07:19:29.814663+00:00,9743,2026-10-03,UFC 332: Silva vs. Wang,ufc,damian-pinas-vs-andrey-pulyaev-80903,T2ZmZXJOb2RlOjEwMzc1MTc5MQ==,T3V0Y29tZU5vZGU6Njg4OTEwNA==,ReBet,sportsbook,KO_SUB,A_5,A_30,wins by KO/TKO or Submission,Any other result,,,Damian Pinas KO or Submission,damian-pinas-69882,0,-265,-260,-246,-265,2026-09-29T07:00:52.476506+00:00,2026-09-28T19:31:23.921907+00:00,0.31,O,0,complete
2026-09-29T07:19:29.814663+00:00,9743,2026-10-03,UFC 332: Silva vs. Wang,ufc,payton-talbott-vs-deiveson-figueiredo-80750,T2ZmZXJOb2RlOjEwMzczNzUzNg==,T3V0Y29tZU5vZGU6Njg2OTcwMQ==,Polymarket,exchange,OVERUNDER_1.5,A_4,A_1,Over 1.5 rounds,Under 1.5 rounds,,1.5,Over 1.5,,0,-1900,-9900,-1150,-9900,2026-09-29T07:09:20.427014+00:00,2026-09-19T22:04:16.658725+00:00,0.17,O,0,complete
2026-09-29T07:19:29.814663+00:00,9743,2026-10-03,UFC 332: Silva vs. Wang,ufc,payton-talbott-vs-deiveson-figueiredo-80750,T2ZmZXJOb2RlOjEwMzczNzUzNg==,T3V0Y29tZU5vZGU6Njg2OTcwMg==,Polymarket,exchange,OVERUNDER_1.5,A_4,A_1,Over 1.5 rounds,Under 1.5 rounds,,1.5,Under 1.5,,1,-113,-9900,-113,-9900,2026-09-29T07:09:20.427014+00:00,2026-09-19T22:04:16.658725+00:00,0.17,O,0,complete
2026-09-29T07:19:29.814663+00:00,9743,2026-10-03,UFC 332: Silva vs. Wang,ufc,payton-talbott-vs-deiveson-figueiredo-80750,T2ZmZXJOb2RlOjEwMzczNzUzNQ==,T3V0Y29tZU5vZGU6Njg2OTcwMA==,Polymarket,exchange,OVERUNDER_0.5,A_4,A_1,Over 0.5 rounds,Under 0.5 rounds,,0.5,Under 0.5,,1,-122,-4900,+100,-4900,2026-09-29T07:09:20.421248+00:00,2026-09-19T22:04:16.637642+00:00,0.17,O,0,complete
2026-09-29T07:19:29.814663+00:00,9743,2026-10-03,UFC 332: Silva vs. Wang,ufc,bobby-green-vs-esteban-ribovics-81445,T2ZmZXJOb2RlOjEwMzczNzU0NQ==,T3V0Y29tZU5vZGU6Njg2OTcxOQ==,Polymarket,exchange,OVERUNDER_1.5,A_4,A_1,Over 1.5 rounds,Under 1.5 rounds,,1.5,Over 1.5,,0,-194,-4900,-178,-4900,2026-09-29T07:09:20.535410+00:00,2026-09-19T22:04:16.847226+00:00,0.17,O,0,complete
2026-09-29T07:19:29.814663+00:00,9743,2026-10-03,UFC 332: Silva vs. Wang,ufc,bobby-green-vs-esteban-ribovics-81445,T2ZmZXJOb2RlOjEwMzczNzU0Ng==,T3V0Y29tZU5vZGU6Njg2OTcyMQ==,Polymarket,exchange,OVERUNDER_2.5,A_4,A_1,Over 2.5 rounds,Under 2.5 rounds,,2.5,Over 2.5,,0,-376,-4900,-223,-4900,2026-09-29T07:14:39.559838+00:00,2026-09-19T22:04:16.872280+00:00,0.08,O,0,complete
2026-09-29T07:19:29.814663+00:00,9743,2026-10-03,UFC 332: Silva vs. Wang,ufc,khaos-williams-vs-roberto-soldic-81446,T2ZmZXJOb2RlOjEwMzc1MDc3Mw==,T3V0Y29tZU5vZGU6Njg4Nzc0MQ==,DraftKings,sportsbook,OVERUNDER_1.5,A_4,A_1,Over 1.5 rounds,Under 1.5 rounds,,1.5,Over 1.5,,0,-110,-115,-110,-115,2026-09-29T07:10:40.822618+00:00,2026-09-27T22:40:41.368173+00:00,0.15,O,0,complete
2026-09-29T07:19:29.814663+00:00,9743,2026-10-03,UFC 332: Silva vs. Wang,ufc,khaos-williams-vs-roberto-soldic-81446,T2ZmZXJOb2RlOjEwMzc1MDc3Mw==,T3V0Y29tZU5vZGU6Njg4Nzc0Mg==,DraftKings,sportsbook,OVERUNDER_1.5,A_4,A_1,Over 1.5 rounds,Under 1.5 rounds,,1.5,Under 1.5,,1,-120,-115,-115,-120,2026-09-29T07:10:40.822618+00:00,2026-09-27T22:40:41.368173+00:00,0.15,O,0,complete
2026-09-29T07:19:29.814663+00:00,9743,2026-10-03,UFC 332: Silva vs. Wang,ufc,khaos-williams-vs-roberto-soldic-81446,T2ZmZXJOb2RlOjEwMzc1MDc2OA==,T3V0Y29tZU5vZGU6Njg4NzczMQ==,Novig,exchange,OVERUNDER_1.5,A_4,A_1,Over 1.5 rounds,Under 1.5 rounds,,1.5,Over 1.5,,0,-115,-122,-115,-122,2026-09-29T07:00:50.846605+00:00,2026-09-27T22:31:21.848061+00:00,0.31,O,0,complete
2026-09-29T07:19:29.814663+00:00,9743,2026-10-03,UFC 332: Silva vs. Wang,ufc,khaos-williams-vs-roberto-soldic-81446,T2ZmZXJOb2RlOjEwMzczNzU1Mg==,T3V0Y29tZU5vZGU6Njg2OTczNA==,Polymarket,exchange,OVERUNDER_0.5,A_4,A_1,Over 0.5 rounds,Under 0.5 rounds,,0.5,Under 0.5,,1,-186,-4900,+100,-4900,2026-09-29T07:09:20.619000+00:00,2026-09-19T22:04:17.024863+00:00,0.17,O,0,complete
2026-09-29T07:19:29.814663+00:00,9743,2026-10-03,UFC 332: Silva vs. Wang,ufc,khaos-williams-vs-roberto-soldic-81446,T2ZmZXJOb2RlOjEwMzczNzU1NA==,T3V0Y29tZU5vZGU6Njg2OTczNw==,Polymarket,exchange,OVERUNDER_2.5,A_4,A_1,Over 2.5 rounds,Under 2.5 rounds,,2.5,Over 2.5,,0,-270,-9900,-138,-9900,2026-09-29T07:14:39.672334+00:00,2026-09-19T22:04:17.066157+00:00,0.08,O,0,complete
2026-09-29T07:19:29.814663+00:00,9743,2026-10-03,UFC 332: Silva vs. Wang,ufc,khaos-williams-vs-roberto-soldic-81446,T2ZmZXJOb2RlOjEwMzczNzU1Mw==,T3V0Y29tZU5vZGU6Njg2OTczNQ==,Polymarket,exchange,OVERUNDER_1.5,A_4,A_1,Over 1.5 rounds,Under 1.5 rounds,,1.5,Over 1.5,,0,-117,-9900,-104,-9900,2026-09-29T07:04:19.142238+00:00,2026-09-19T22:04:17.045124+00:00,0.25,O,0,complete
2026-09-29T07:19:29.814663+00:00,9743,2026-10-03,UFC 332: Silva vs. Wang,ufc,khaos-williams-vs-roberto-soldic-81446,T2ZmZXJOb2RlOjEwMzczNzU1Mw==,T3V0Y29tZU5vZGU6Njg2OTczNg==,Polymarket,exchange,OVERUNDER_1.5,A_4,A_1,Over 1.5 rounds,Under 1.5 rounds,,1.5,Under 1.5,,1,-127,-9900,+100,-9900,2026-09-29T07:04:19.142238+00:00,2026-09-19T22:04:17.045124+00:00,0.25,O,0,complete
2026-09-29T07:19:29.814663+00:00,9743,2026-10-03,UFC 332: Silva vs. Wang,ufc,khaos-williams-vs-roberto-soldic-81446,T2ZmZXJOb2RlOjEwMzczNzU0OA==,T3V0Y29tZU5vZGU6Njg2OTcyNQ==,Polymarket,exchange,END_KO,A_4,A_5,"Fight ends by KO, TKO or DQ","Fight doesn't end by KO, TKO or DQ",,,Will the fight be won by KO or TKO? - Yes,,0,-2400,-4900,-1900,-4900,2026-09-29T07:09:20.590334+00:00,2026-09-19T22:04:16.912051+00:00,0.17,O,0,complete
2026-09-29T07:19:29.814663+00:00,9743,2026-10-03,UFC 332: Silva vs. Wang,ufc,alden-coria-vs-imanol-rodriguez-80719,T2ZmZXJOb2RlOjEwMzc1MDc3NQ==,T3V0Y29tZU5vZGU6Njg4Nzc0NQ==,DraftKings,sportsbook,OVERUNDER_2.5,A_4,A_1,Over 2.5 rounds,Under 2.5 rounds,,2.5,Over 2.5,,0,-166,-145,-145,-166,2026-09-28T07:10:42.493019+00:00,2026-09-27T22:40:41.451731+00:00,24.15,O,0,complete
2026-09-29T07:19:29.814663+00:00,9743,2026-10-03,UFC 332: Silva vs. Wang,ufc,alden-coria-vs-imanol-rodriguez-80719,T2ZmZXJOb2RlOjEwMzc1MDc3NQ==,T3V0Y29tZU5vZGU6Njg4Nzc0Ng==,DraftKings,sportsbook,OVERUNDER_2.5,A_4,A_1,Over 2.5 rounds,Under 2.5 rounds,,2.5,Under 2.5,,1,+130,+114,+130,+114,2026-09-28T07:10:42.493019+00:00,2026-09-27T22:40:41.451731+00:00,24.15,O,0,complete
2026-09-29T07:19:29.814663+00:00,9743,2026-10-03,UFC 332: Silva vs. Wang,ufc,alden-coria-vs-imanol-rodriguez-80719,T2ZmZXJOb2RlOjEwMzc1MDc0Mg==,T3V0Y29tZU5vZGU6Njg4NzY3OQ==,BetUS,sportsbook,OVERUNDER_2.5,A_4,A_1,Over 2.5 rounds,Under 2.5 rounds,,2.5,Over 2.5,,0,-155,-140,-140,-155,2026-09-28T07:10:18.921082+00:00,2026-09-27T22:01:00.825136+00:00,24.15,O,0,complete
2026-09-29T07:19:29.814663+00:00,9743,2026-10-03,UFC 332: Silva vs. Wang,ufc,alden-coria-vs-imanol-rodriguez-80719,T2ZmZXJOb2RlOjEwMzc1MDc0Mg==,T3V0Y29tZU5vZGU6Njg4NzY4MA==,BetUS,sportsbook,OVERUNDER_2.5,A_4,A_1,Over 2.5 rounds,Under 2.5 rounds,,2.5,Under 2.5,,1,+130,+118,+130,+118,2026-09-28T07:10:18.921082+00:00,2026-09-27T22:01:00.825136+00:00,24.15,O,0,complete
2026-09-29T07:19:29.814663+00:00,9743,2026-10-03,UFC 332: Silva vs. Wang,ufc,alden-coria-vs-imanol-rodriguez-80719,T2ZmZXJOb2RlOjEwMzc1MDczMw==,T3V0Y29tZU5vZGU6Njg4NzY2MQ==,BetOnline,sportsbook,OVERUNDER_2.5,A_4,A_1,Over 2.5 rounds,Under 2.5 rounds,,2.5,Over 2.5,,0,-155,-200,-140,-200,2026-09-28T07:09:52.898552+00:00,2026-09-27T21:46:14.647275+00:00,24.16,O,0,complete
2026-09-29T07:19:29.814663+00:00,9743,2026-10-03,UFC 332: Silva vs. Wang,ufc,alden-coria-vs-imanol-rodriguez-80719,T2ZmZXJOb2RlOjEwMzc1MDczMw==,T3V0Y29tZU5vZGU6Njg4NzY2Mg==,BetOnline,sportsbook,OVERUNDER_2.5,A_4,A_1,Over 2.5 rounds,Under 2.5 rounds,,2.5,Under 2.5,,1,+135,+174,+174,+120,2026-09-28T07:09:52.898552+00:00,2026-09-27T21:46:14.647275+00:00,24.16,O,0,complete
2026-09-29T07:19:29.814663+00:00,9743,2026-10-03,UFC 332: Silva vs. Wang,ufc,alden-coria-vs-imanol-rodriguez-80719,T2ZmZXJOb2RlOjEwMzczNzU2OA==,T3V0Y29tZU5vZGU6Njg2OTc2NQ==,Polymarket,exchange,END_SUB,A_4,A_5,Fight ends in submission,Fight doesn't end in submission,,,Will the fight be won by submission? - Yes,,0,-2400,-4900,-1900,-4900,2026-09-28T09:04:25.845997+00:00,2026-09-19T22:04:17.362716+00:00,22.25,O,0,complete
2026-09-29T07:19:29.814663+00:00,9743,2026-10-03,UFC 332: Silva vs. Wang,ufc,damian-pinas-vs-andrey-pulyaev-80903,T2ZmZXJOb2RlOjEwMzc1MDc1Mw==,T3V0Y29tZU5vZGU6Njg4NzcwMQ==,MyBookie,sportsbook,OVERUNDER_1.5,A_4,A_1,Over 1.5 rounds,Under 1.5 rounds,,1.5,Over 1.5,,0,+111,-110,+114,-110,2026-09-29T07:04:13.339408+00:00,2026-09-27T22:04:15.594611+00:00,0.25,O,0,complete
2026-09-29T07:19:29.814663+00:00,9743,2026-10-03,UFC 332: Silva vs. Wang,ufc,damian-pinas-vs-andrey-pulyaev-80903,T2ZmZXJOb2RlOjEwMzc1MDc1Mw==,T3V0Y29tZU5vZGU6Njg4NzcwMg==,MyBookie,sportsbook,OVERUNDER_1.5,A_4,A_1,Over 1.5 rounds,Under 1.5 rounds,,1.5,Under 1.5,,1,-148,-120,-120,-152,2026-09-29T07:04:13.339408+00:00,2026-09-27T22:04:15.594611+00:00,0.25,O,0,complete
2026-09-29T07:19:29.814663+00:00,9743,2026-10-03,UFC 332: Silva vs. Wang,ufc,damian-pinas-vs-andrey-pulyaev-80903,T2ZmZXJOb2RlOjEwMzc1MDgyNg==,T3V0Y29tZU5vZGU6Njg4Nzg0Ng==,Bet105,sportsbook,OVERUNDER_1.5,A_4,A_1,Over 1.5 rounds,Under 1.5 rounds,,1.5,Over 1.5,,0,+104,-105,+104,-105,2026-09-29T06:58:25.123873+00:00,2026-09-28T00:08:49.658636+00:00,0.35,O,0,complete
2026-09-29T07:19:29.814663+00:00,9743,2026-10-03,UFC 332: Silva vs. Wang,ufc,damian-pinas-vs-andrey-pulyaev-80903,T2ZmZXJOb2RlOjEwMzc1MDgyNg==,T3V0Y29tZU5vZGU6Njg4Nzg0Nw==,Bet105,sportsbook,OVERUNDER_1.5,A_4,A_1,Over 1.5 rounds,Under 1.5 rounds,,1.5,Under 1.5,,1,-126,-115,-115,-126,2026-09-29T06:58:25.123873+00:00,2026-09-28T00:08:49.658636+00:00,0.35,O,0,complete
2026-09-29T07:19:29.814663+00:00,9743,2026-10-03,UFC 332: Silva vs. Wang,ufc,damian-pinas-vs-andrey-pulyaev-80903,T2ZmZXJOb2RlOjEwMzc1MDc3MQ==,T3V0Y29tZU5vZGU6Njg4NzczNw==,DraftKings,sportsbook,OVERUNDER_1.5,A_4,A_1,Over 1.5 rounds,Under 1.5 rounds,,1.5,Over 1.5,,0,+105,-110,+105,-110,2026-09-29T07:10:40.574285+00:00,2026-09-27T22:40:41.327956+00:00,0.15,O,0,complete
2026-09-29T07:19:29.814663+00:00,9743,2026-10-03,UFC 332: Silva vs. Wang,ufc,damian-pinas-vs-andrey-pulyaev-80903,T2ZmZXJOb2RlOjEwMzc1MDc3MQ==,T3V0Y29tZU5vZGU6Njg4NzczOA==,DraftKings,sportsbook,OVERUNDER_1.5,A_4,A_1,Over 1.5 rounds,Under 1.5 rounds,,1.5,Under 1.5,,1,-135,-120,-120,-135,2026-09-29T07:10:40.574285+00:00,2026-09-27T22:40:41.327956+00:00,0.15,O,0,complete
2026-09-29T07:19:29.814663+00:00,9743,2026-10-03,UFC 332: Silva vs. Wang,ufc,damian-pinas-vs-andrey-pulyaev-80903,T2ZmZXJOb2RlOjEwMzc1MDc2NQ==,T3V0Y29tZU5vZGU6Njg4NzcyNQ==,Novig,exchange,OVERUNDER_1.5,A_4,A_1,Over 1.5 rounds,Under 1.5 rounds,,1.5,Over 1.5,,0,+102,-117,+102,-117,2026-09-29T07:15:15.392954+00:00,2026-09-27T22:31:21.305812+00:00,0.07,O,0,complete
2026-09-29T07:19:29.814663+00:00,9743,2026-10-03,UFC 332: Silva vs. Wang,ufc,damian-pinas-vs-andrey-pulyaev-80903,T2ZmZXJOb2RlOjEwMzc1MDc2NQ==,T3V0Y29tZU5vZGU6Njg4NzcyNg==,Novig,exchange,OVERUNDER_1.5,A_4,A_1,Over 1.5 rounds,Under 1.5 rounds,,1.5,Under 1.5,,1,-153,-127,-127,-153,2026-09-29T07:15:15.392954+00:00,2026-09-27T22:31:21.305812+00:00,0.07,O,0,complete
2026-09-29T07:19:29.814663+00:00,9743,2026-10-03,UFC 332: Silva vs. Wang,ufc,damian-pinas-vs-andrey-pulyaev-80903,T2ZmZXJOb2RlOjEwMzc1MDc0Ng==,T3V0Y29tZU5vZGU6Njg4NzY4Nw==,ReBet,sportsbook,OVERUNDER_1.5,A_4,A_1,Over 1.5 rounds,Under 1.5 rounds,,1.5,Over 1.5,,0,+114,-108,+114,-108,2026-09-29T07:00:52.452696+00:00,2026-09-27T22:01:15.303887+00:00,0.31,O,0,complete
2026-09-29T07:19:29.814663+00:00,9743,2026-10-03,UFC 332: Silva vs. Wang,ufc,damian-pinas-vs-andrey-pulyaev-80903,T2ZmZXJOb2RlOjEwMzc1MDc0Ng==,T3V0Y29tZU5vZGU6Njg4NzY4OA==,ReBet,sportsbook,OVERUNDER_1.5,A_4,A_1,Over 1.5 rounds,Under 1.5 rounds,,1.5,Under 1.5,,1,-145,-118,-118,-145,2026-09-29T07:00:52.452696+00:00,2026-09-27T22:01:15.303887+00:00,0.31,O,0,complete
2026-09-29T07:19:29.814663+00:00,9743,2026-10-03,UFC 332: Silva vs. Wang,ufc,damian-pinas-vs-andrey-pulyaev-80903,T2ZmZXJOb2RlOjEwMzczNzU3Nw==,T3V0Y29tZU5vZGU6Njg2OTc4Mw==,Polymarket,exchange,END_SUB,A_4,A_5,Fight ends in submission,Fight doesn't end in submission,,,Will the fight be won by submission? - Yes,,0,-1900,-4900,-1567,-4900,2026-09-29T07:04:19.240889+00:00,2026-09-19T22:04:17.575700+00:00,0.25,O,0,complete
2026-09-29T07:19:29.814663+00:00,9743,2026-10-03,UFC 332: Silva vs. Wang,ufc,damian-pinas-vs-andrey-pulyaev-80903,T2ZmZXJOb2RlOjEwMzczNzU3Nw==,T3V0Y29tZU5vZGU6Njg2OTc4NA==,Polymarket,exchange,END_SUB,A_4,A_5,Fight ends in submission,Fight doesn't end in submission,,,Will the fight be won by submission? - No,,1,-1900,-4900,-1567,-4900,2026-09-29T07:04:19.240889+00:00,2026-09-19T22:04:17.575700+00:00,0.25,O,0,complete
2026-09-29T07:19:29.814663+00:00,9743,2026-10-03,UFC 332: Silva vs. Wang,ufc,damian-pinas-vs-andrey-pulyaev-80903,T2ZmZXJOb2RlOjEwMzczNzU3NA==,T3V0Y29tZU5vZGU6Njg2OTc3OA==,Polymarket,exchange,END_KO,A_4,A_5,"Fight ends by KO, TKO or DQ","Fight doesn't end by KO, TKO or DQ",,,Will the fight be won by KO or TKO? - No,,1,-2400,-4900,-1900,-4900,2026-09-28T06:59:09.978854+00:00,2026-09-19T22:04:17.505795+00:00,24.34,O,0,complete
2026-09-29T07:19:29.814663+00:00,9743,2026-10-03,UFC 332: Silva vs. Wang,ufc,damian-pinas-vs-andrey-pulyaev-80903,T2ZmZXJOb2RlOjEwMzczNzU3Mw==,T3V0Y29tZU5vZGU6Njg2OTc3Ng==,Polymarket,exchange,DISTANCE,A_4,A_2,Fight goes the distance,Fight ends inside distance,,,Fight to Go the Distance? - No,,1,-733,-9900,-376,-9900,2026-09-29T07:04:19.224316+00:00,2026-09-19T22:04:17.486145+00:00,0.25,O,0,complete
2026-09-29T07:19:29.814663+00:00,9743,2026-10-03,UFC 332: Silva vs. Wang,ufc,court-mcgee-vs-eric-nolan-80904,T2ZmZXJOb2RlOjEwMzczNzY0NQ==,T3V0Y29tZU5vZGU6Njg2OTkwNw==,Polymarket,exchange,DISTANCE,A_4,A_2,Fight goes the distance,Fight ends inside distance,,,Fight to Go the Distance? - No,,1,-156,-4900,-156,-4900,2026-09-29T07:09:21.132581+00:00,2026-09-19T22:14:27.433706+00:00,0.17,O,0,complete
2026-09-29T07:19:29.814663+00:00,9743,2026-10-03,UFC 332: Silva vs. Wang,ufc,court-mcgee-vs-eric-nolan-80904,T2ZmZXJOb2RlOjEwMzczNzYxOQ==,T3V0Y29tZU5vZGU6Njg2OTg2Nw==,Polymarket,exchange,OVERUNDER_1.5,A_4,A_1,Over 1.5 rounds,Under 1.5 rounds,,1.5,Over 1.5,,0,-1567,-9900,-900,-9900,2026-09-29T07:09:21.151389+00:00,2026-09-19T22:04:18.774612+00:00,0.17,O,0,complete
