poll_time,event_pk,event_date,event_name,promotion,fight_slug,offer_id,outcome_id,book,book_role,type_id,category,subcategory,description,not_description,offer_value,type_value,outcome_name,outcome_fighter_slug,is_not,american,american_open,american_best,american_worst,source_offer_ts,source_created_at,source_change_age_h,offer_status,disabled,cycle_status
2026-09-27T09:27:55.841877+00:00,9106,2026-09-29,Dana White's Contender Series: Contender Series 2026: Week 8,dwcs,george-staines-vs-loai-abushaar-81551,T2ZmZXJOb2RlOjEwMzc1MDU0Mg==,T3V0Y29tZU5vZGU6Njg4NzMxNg==,Kalshi,exchange,DISTANCE,A_4,A_2,Fight goes the distance,Fight ends inside distance,,,Fight goes the distance - Yes,,0,-1900,-1900,-1900,-1900,2026-09-27T00:34:37.272279+00:00,2026-09-27T00:34:25.742735+00:00,8.89,O,0,partial
2026-09-27T09:27:55.841877+00:00,9106,2026-09-29,Dana White's Contender Series: Contender Series 2026: Week 8,dwcs,george-staines-vs-loai-abushaar-81551,T2ZmZXJOb2RlOjEwMzc1MDU0Mg==,T3V0Y29tZU5vZGU6Njg4NzMxNw==,Kalshi,exchange,DISTANCE,A_4,A_2,Fight goes the distance,Fight ends inside distance,,,Fight goes the distance - No,,1,-567,-567,-567,-567,2026-09-27T00:34:37.272279+00:00,2026-09-27T00:34:25.742735+00:00,8.89,O,0,partial
2026-09-27T09:27:55.841877+00:00,9106,2026-09-29,Dana White's Contender Series: Contender Series 2026: Week 8,dwcs,george-staines-vs-loai-abushaar-81551,T2ZmZXJOb2RlOjEwMzc1MDU0MQ==,T3V0Y29tZU5vZGU6Njg4NzMxNA==,Kalshi,exchange,START_3,A_4,A_3,Fight starts round 3,Fight doesn't start round 3,,3.0,Fight to start round 3 - Yes,,0,-300,-300,-300,-300,2026-09-27T00:34:36.800445+00:00,2026-09-27T00:34:25.719412+00:00,8.89,O,0,partial
2026-09-27T09:27:55.841877+00:00,9106,2026-09-29,Dana White's Contender Series: Contender Series 2026: Week 8,dwcs,george-staines-vs-loai-abushaar-81551,T2ZmZXJOb2RlOjEwMzc1MDU0MQ==,T3V0Y29tZU5vZGU6Njg4NzMxNQ==,Kalshi,exchange,START_3,A_4,A_3,Fight starts round 3,Fight doesn't start round 3,,3.0,Fight to start round 3 - No,,1,-133,-133,-133,-133,2026-09-27T00:34:36.800445+00:00,2026-09-27T00:34:25.719412+00:00,8.89,O,0,partial
2026-09-27T09:27:55.841877+00:00,9106,2026-09-29,Dana White's Contender Series: Contender Series 2026: Week 8,dwcs,george-staines-vs-loai-abushaar-81551,T2ZmZXJOb2RlOjEwMzc1MDU0MA==,T3V0Y29tZU5vZGU6Njg4NzMxMg==,Kalshi,exchange,START_2,A_4,A_3,Fight starts round 2,Fight doesn't start round 2,,2.0,Fight to start round 2 - Yes,,0,-9900,-9900,-9900,-9900,2026-09-27T00:34:36.407840+00:00,2026-09-27T00:34:25.676105+00:00,8.89,O,0,partial
2026-09-27T09:27:55.841877+00:00,9106,2026-09-29,Dana White's Contender Series: Contender Series 2026: Week 8,dwcs,george-staines-vs-loai-abushaar-81551,T2ZmZXJOb2RlOjEwMzc1MDU0MA==,T3V0Y29tZU5vZGU6Njg4NzMxMw==,Kalshi,exchange,START_2,A_4,A_3,Fight starts round 2,Fight doesn't start round 2,,2.0,Fight to start round 2 - No,,1,-133,-133,-133,-133,2026-09-27T00:34:36.407840+00:00,2026-09-27T00:34:25.676105+00:00,8.89,O,0,partial
2026-09-27T09:27:55.841877+00:00,9106,2026-09-29,Dana White's Contender Series: Contender Series 2026: Week 8,dwcs,george-staines-vs-loai-abushaar-81551,T2ZmZXJOb2RlOjEwMzc1MDUzOQ==,T3V0Y29tZU5vZGU6Njg4NzMxMQ==,Kalshi,exchange,R_3,A_5,A_14,wins in round 3,doesn't win in round 3,,3.0,George Staines to win in Round 3,george-staines-57059,0,+525,+525,+525,+525,2026-09-27T00:34:36.026638+00:00,2026-09-27T00:34:25.656698+00:00,8.89,O,0,partial
2026-09-27T09:27:55.841877+00:00,9106,2026-09-29,Dana White's Contender Series: Contender Series 2026: Week 8,dwcs,george-staines-vs-loai-abushaar-81551,T2ZmZXJOb2RlOjEwMzc1MDUzOA==,T3V0Y29tZU5vZGU6Njg4NzMxMA==,Kalshi,exchange,R_2,A_5,A_14,wins in round 2,doesn't win in round 2,,2.0,George Staines to win in Round 2,george-staines-57059,0,+525,+525,+525,+525,2026-09-27T00:34:35.503176+00:00,2026-09-27T00:34:25.641980+00:00,8.89,O,0,partial
2026-09-27T09:27:55.841877+00:00,9106,2026-09-29,Dana White's Contender Series: Contender Series 2026: Week 8,dwcs,george-staines-vs-loai-abushaar-81551,T2ZmZXJOb2RlOjEwMzc1MDUzNw==,T3V0Y29tZU5vZGU6Njg4NzMwOQ==,Kalshi,exchange,R_1,A_5,A_14,wins in round 1,doesn't win in round 1,,1.0,George Staines to win in Round 1,george-staines-57059,0,+525,+525,+525,+525,2026-09-27T00:34:35.055380+00:00,2026-09-27T00:34:25.623478+00:00,8.89,O,0,partial
2026-09-27T09:27:55.841877+00:00,9106,2026-09-29,Dana White's Contender Series: Contender Series 2026: Week 8,dwcs,george-staines-vs-loai-abushaar-81551,T2ZmZXJOb2RlOjEwMzc1MDUzNg==,T3V0Y29tZU5vZGU6Njg4NzMwOA==,Kalshi,exchange,R_3,A_5,A_14,wins in round 3,doesn't win in round 3,,3.0,Loai Abushaar to win in Round 3,loai-abushaar-31564,0,+525,+525,+525,+525,2026-09-27T00:34:34.667428+00:00,2026-09-27T00:34:25.603039+00:00,8.89,O,0,partial
2026-09-27T09:27:55.841877+00:00,9106,2026-09-29,Dana White's Contender Series: Contender Series 2026: Week 8,dwcs,george-staines-vs-loai-abushaar-81551,T2ZmZXJOb2RlOjEwMzc1MDUzNQ==,T3V0Y29tZU5vZGU6Njg4NzMwNw==,Kalshi,exchange,R_2,A_5,A_14,wins in round 2,doesn't win in round 2,,2.0,Loai Abushaar to win in Round 2,loai-abushaar-31564,0,+525,+525,+525,+525,2026-09-27T00:34:34.201756+00:00,2026-09-27T00:34:25.577996+00:00,8.89,O,0,partial
2026-09-27T09:27:55.841877+00:00,9106,2026-09-29,Dana White's Contender Series: Contender Series 2026: Week 8,dwcs,george-staines-vs-loai-abushaar-81551,T2ZmZXJOb2RlOjEwMzc1MDUzNA==,T3V0Y29tZU5vZGU6Njg4NzMwNg==,Kalshi,exchange,R_1,A_5,A_14,wins in round 1,doesn't win in round 1,,1.0,Loai Abushaar to win in Round 1,loai-abushaar-31564,0,+525,+525,+525,+525,2026-09-27T00:34:33.806565+00:00,2026-09-27T00:34:25.556205+00:00,8.89,O,0,partial
2026-09-27T09:27:55.841877+00:00,9106,2026-09-29,Dana White's Contender Series: Contender Series 2026: Week 8,dwcs,george-staines-vs-loai-abushaar-81551,T2ZmZXJOb2RlOjEwMzc1MDUzMw==,T3V0Y29tZU5vZGU6Njg4NzMwNQ==,Kalshi,exchange,,,,,,,,Decision,,0,-186,-186,-186,-186,2026-09-27T00:34:33.287084+00:00,2026-09-27T00:34:25.532100+00:00,8.89,O,0,partial
2026-09-27T09:27:55.841877+00:00,9106,2026-09-29,Dana White's Contender Series: Contender Series 2026: Week 8,dwcs,george-staines-vs-loai-abushaar-81551,T2ZmZXJOb2RlOjEwMzc1MDUzMg==,T3V0Y29tZU5vZGU6Njg4NzMwNA==,Kalshi,exchange,END_SUB,A_4,A_5,Fight ends in submission,Fight doesn't end in submission,,,Submission,,0,-186,-186,-186,-186,2026-09-27T00:34:32.594180+00:00,2026-09-27T00:34:25.515921+00:00,8.89,O,0,partial
2026-09-27T09:27:55.841877+00:00,9106,2026-09-29,Dana White's Contender Series: Contender Series 2026: Week 8,dwcs,george-staines-vs-loai-abushaar-81551,T2ZmZXJOb2RlOjEwMzc1MDUzMQ==,T3V0Y29tZU5vZGU6Njg4NzMwMw==,Kalshi,exchange,END_KO,A_4,A_5,"Fight ends by KO, TKO or DQ","Fight doesn't end by KO, TKO or DQ",,,KO/TKO/DQ,,0,-186,-186,-186,-186,2026-09-27T00:34:31.857413+00:00,2026-09-27T00:34:25.495717+00:00,8.89,O,0,partial
2026-09-27T09:27:55.841877+00:00,9106,2026-09-29,Dana White's Contender Series: Contender Series 2026: Week 8,dwcs,george-staines-vs-loai-abushaar-81551,T2ZmZXJOb2RlOjEwMzc1MDUzMA==,T3V0Y29tZU5vZGU6Njg4NzMwMg==,Kalshi,exchange,DEC,A_5,A_13,wins by decision,doesn't win by decision,,1.0,George Staines by Decision,george-staines-57059,0,+104,+100,+104,+100,2026-09-27T03:49:21.249405+00:00,2026-09-27T00:34:25.476104+00:00,5.64,O,0,partial
2026-09-27T09:27:55.841877+00:00,9106,2026-09-29,Dana White's Contender Series: Contender Series 2026: Week 8,dwcs,george-staines-vs-loai-abushaar-81551,T2ZmZXJOb2RlOjEwMzc1MDUyOQ==,T3V0Y29tZU5vZGU6Njg4NzMwMQ==,Kalshi,exchange,SUB,A_5,A_13,wins by submission,doesn't win by submission,,3.0,George Staines by Submission,george-staines-57059,0,+104,+100,+104,+100,2026-09-27T03:49:21.230811+00:00,2026-09-27T00:34:25.435090+00:00,5.64,O,0,partial
2026-09-27T09:27:55.841877+00:00,9106,2026-09-29,Dana White's Contender Series: Contender Series 2026: Week 8,dwcs,george-staines-vs-loai-abushaar-81551,T2ZmZXJOb2RlOjEwMzc1MDUyOA==,T3V0Y29tZU5vZGU6Njg4NzMwMA==,Kalshi,exchange,KO,A_5,A_13,wins by TKO/KO,doesn't win by TKO/KO,,2.0,George Staines by KO/TKO/DQ,george-staines-57059,0,+104,+100,+104,+100,2026-09-27T03:49:21.203016+00:00,2026-09-27T00:34:25.407043+00:00,5.64,O,0,partial
2026-09-27T09:27:55.841877+00:00,9106,2026-09-29,Dana White's Contender Series: Contender Series 2026: Week 8,dwcs,george-staines-vs-loai-abushaar-81551,T2ZmZXJOb2RlOjEwMzc1MDUyNw==,T3V0Y29tZU5vZGU6Njg4NzI5OQ==,Kalshi,exchange,DEC,A_5,A_13,wins by decision,doesn't win by decision,,1.0,Loai Abushaar by Decision,loai-abushaar-31564,0,-138,+100,+104,-144,2026-09-27T03:09:40.042815+00:00,2026-09-27T00:34:25.383264+00:00,6.3,O,0,partial
2026-09-27T09:27:55.841877+00:00,9106,2026-09-29,Dana White's Contender Series: Contender Series 2026: Week 8,dwcs,george-staines-vs-loai-abushaar-81551,T2ZmZXJOb2RlOjEwMzc1MDUyNg==,T3V0Y29tZU5vZGU6Njg4NzI5OA==,Kalshi,exchange,SUB,A_5,A_13,wins by submission,doesn't win by submission,,3.0,Loai Abushaar by Submission,loai-abushaar-31564,0,+104,+100,+104,+100,2026-09-27T03:25:12.057137+00:00,2026-09-27T00:34:25.372085+00:00,6.05,O,0,partial
2026-09-27T09:27:55.841877+00:00,9106,2026-09-29,Dana White's Contender Series: Contender Series 2026: Week 8,dwcs,george-staines-vs-loai-abushaar-81551,T2ZmZXJOb2RlOjEwMzc1MDUyNQ==,T3V0Y29tZU5vZGU6Njg4NzI5Nw==,Kalshi,exchange,KO,A_5,A_13,wins by TKO/KO,doesn't win by TKO/KO,,2.0,Loai Abushaar by KO/TKO/DQ,loai-abushaar-31564,0,+104,+100,+104,+100,2026-09-27T07:24:41.968446+00:00,2026-09-27T00:34:25.353753+00:00,2.05,O,0,partial
2026-09-27T09:27:55.841877+00:00,9106,2026-09-29,Dana White's Contender Series: Contender Series 2026: Week 8,dwcs,george-staines-vs-loai-abushaar-81551,T2ZmZXJOb2RlOjEwMzc0NzA5MA==,T3V0Y29tZU5vZGU6Njg4MjU3MQ==,Polymarket,exchange,OVERUNDER_1.5,A_4,A_1,Over 1.5 rounds,Under 1.5 rounds,,1.5,Over 1.5,,0,-3233,-4900,-1900,-4900,2026-09-26T15:34:33.534054+00:00,2026-09-23T22:04:45.984327+00:00,17.89,O,0,partial
2026-09-27T09:27:55.841877+00:00,9106,2026-09-29,Dana White's Contender Series: Contender Series 2026: Week 8,dwcs,george-staines-vs-loai-abushaar-81551,T2ZmZXJOb2RlOjEwMzc0NzA5MA==,T3V0Y29tZU5vZGU6Njg4MjU3Mg==,Polymarket,exchange,OVERUNDER_1.5,A_4,A_1,Over 1.5 rounds,Under 1.5 rounds,,1.5,Under 1.5,,1,-3233,-4900,-1567,-4900,2026-09-26T15:34:33.534054+00:00,2026-09-23T22:04:45.984327+00:00,17.89,O,0,partial
2026-09-27T09:27:55.841877+00:00,9106,2026-09-29,Dana White's Contender Series: Contender Series 2026: Week 8,dwcs,george-staines-vs-loai-abushaar-81551,T2ZmZXJOb2RlOjEwMzc0NzA4Ng==,T3V0Y29tZU5vZGU6Njg4MjU2Mw==,Polymarket,exchange,KO,A_5,A_13,wins by TKO/KO,doesn't win by TKO/KO,,2.0,Will George Staines win by KO or TKO? - Yes,george-staines-57059,0,-3233,-3233,-2400,-4900,2026-09-27T05:54:17.158938+00:00,2026-09-23T22:04:45.741685+00:00,3.56,O,0,partial
2026-09-27T09:27:55.841877+00:00,9106,2026-09-29,Dana White's Contender Series: Contender Series 2026: Week 8,dwcs,george-staines-vs-loai-abushaar-81551,T2ZmZXJOb2RlOjEwMzc0NzA4Ng==,T3V0Y29tZU5vZGU6Njg4MjU2NA==,Polymarket,exchange,KO,A_5,A_13,wins by TKO/KO,doesn't win by TKO/KO,,2.0,Will George Staines win by KO or TKO? - No,george-staines-57059,1,-3233,-3233,-2400,-4900,2026-09-27T05:54:17.158938+00:00,2026-09-23T22:04:45.741685+00:00,3.56,O,0,partial
2026-09-27T09:27:55.841877+00:00,9106,2026-09-29,Dana White's Contender Series: Contender Series 2026: Week 8,dwcs,george-staines-vs-loai-abushaar-81551,T2ZmZXJOb2RlOjEwMzc0NzA5MQ==,T3V0Y29tZU5vZGU6Njg4MjU3Mw==,Polymarket,exchange,OVERUNDER_2.5,A_4,A_1,Over 2.5 rounds,Under 2.5 rounds,,2.5,Over 2.5,,0,-3233,-4900,-1900,-4900,2026-09-26T20:29:46.815459+00:00,2026-09-23T22:04:46.033491+00:00,12.97,O,0,partial
2026-09-27T09:27:55.841877+00:00,9106,2026-09-29,Dana White's Contender Series: Contender Series 2026: Week 8,dwcs,george-staines-vs-loai-abushaar-81551,T2ZmZXJOb2RlOjEwMzc0NzA5MQ==,T3V0Y29tZU5vZGU6Njg4MjU3NA==,Polymarket,exchange,OVERUNDER_2.5,A_4,A_1,Over 2.5 rounds,Under 2.5 rounds,,2.5,Under 2.5,,1,-3233,-4900,-2400,-4900,2026-09-26T20:29:46.815459+00:00,2026-09-23T22:04:46.033491+00:00,12.97,O,0,partial
2026-09-27T09:27:55.841877+00:00,9106,2026-09-29,Dana White's Contender Series: Contender Series 2026: Week 8,dwcs,george-staines-vs-loai-abushaar-81551,T2ZmZXJOb2RlOjEwMzc0NzA4OQ==,T3V0Y29tZU5vZGU6Njg4MjU2OQ==,Polymarket,exchange,OVERUNDER_0.5,A_4,A_1,Over 0.5 rounds,Under 0.5 rounds,,0.5,Over 0.5,,0,-3233,-3233,-1900,-4900,2026-09-25T10:14:20.886600+00:00,2026-09-23T22:04:45.934001+00:00,47.23,O,0,partial
2026-09-27T09:27:55.841877+00:00,9106,2026-09-29,Dana White's Contender Series: Contender Series 2026: Week 8,dwcs,george-staines-vs-loai-abushaar-81551,T2ZmZXJOb2RlOjEwMzc0NzA4OQ==,T3V0Y29tZU5vZGU6Njg4MjU3MA==,Polymarket,exchange,OVERUNDER_0.5,A_4,A_1,Over 0.5 rounds,Under 0.5 rounds,,0.5,Under 0.5,,1,-3233,-3233,-1900,-4900,2026-09-25T10:14:20.886600+00:00,2026-09-23T22:04:45.934001+00:00,47.23,O,0,partial
2026-09-27T09:27:55.841877+00:00,9106,2026-09-29,Dana White's Contender Series: Contender Series 2026: Week 8,dwcs,george-staines-vs-loai-abushaar-81551,T2ZmZXJOb2RlOjEwMzc0NzA4OA==,T3V0Y29tZU5vZGU6Njg4MjU2Nw==,Polymarket,exchange,END_SUB,A_4,A_5,Fight ends in submission,Fight doesn't end in submission,,,Will the fight be won by submission? - Yes,,0,-1567,-3233,-1329,-4900,2026-09-27T09:04:20.877145+00:00,2026-09-23T22:04:45.869208+00:00,0.39,O,0,partial
2026-09-27T09:27:55.841877+00:00,9106,2026-09-29,Dana White's Contender Series: Contender Series 2026: Week 8,dwcs,george-staines-vs-loai-abushaar-81551,T2ZmZXJOb2RlOjEwMzc0NzA4OA==,T3V0Y29tZU5vZGU6Njg4MjU2OA==,Polymarket,exchange,END_SUB,A_4,A_5,Fight ends in submission,Fight doesn't end in submission,,,Will the fight be won by submission? - No,,1,-3233,-3233,-2400,-4900,2026-09-27T09:04:20.877145+00:00,2026-09-23T22:04:45.869208+00:00,0.39,O,0,partial
2026-09-27T09:27:55.841877+00:00,9106,2026-09-29,Dana White's Contender Series: Contender Series 2026: Week 8,dwcs,george-staines-vs-loai-abushaar-81551,T2ZmZXJOb2RlOjEwMzc0NzA4Nw==,T3V0Y29tZU5vZGU6Njg4MjU2NQ==,Polymarket,exchange,KO,A_5,A_13,wins by TKO/KO,doesn't win by TKO/KO,,2.0,Will Loai Abushaar win by KO or TKO? - Yes,loai-abushaar-31564,0,-3233,-3233,-3233,-4900,2026-09-26T16:54:36.752764+00:00,2026-09-23T22:04:45.799782+00:00,16.56,O,0,partial
2026-09-27T09:27:55.841877+00:00,9106,2026-09-29,Dana White's Contender Series: Contender Series 2026: Week 8,dwcs,george-staines-vs-loai-abushaar-81551,T2ZmZXJOb2RlOjEwMzc0NzA4Nw==,T3V0Y29tZU5vZGU6Njg4MjU2Ng==,Polymarket,exchange,KO,A_5,A_13,wins by TKO/KO,doesn't win by TKO/KO,,2.0,Will Loai Abushaar win by KO or TKO? - No,loai-abushaar-31564,1,-3233,-3233,-1900,-4900,2026-09-26T16:54:36.752764+00:00,2026-09-23T22:04:45.799782+00:00,16.56,O,0,partial
2026-09-27T09:27:55.841877+00:00,9106,2026-09-29,Dana White's Contender Series: Contender Series 2026: Week 8,dwcs,george-staines-vs-loai-abushaar-81551,T2ZmZXJOb2RlOjEwMzc0NzA4NQ==,T3V0Y29tZU5vZGU6Njg4MjU2MQ==,Polymarket,exchange,END_KO,A_4,A_5,"Fight ends by KO, TKO or DQ","Fight doesn't end by KO, TKO or DQ",,,Will the fight be won by KO or TKO? - Yes,,0,-3233,-3233,-2400,-4900,2026-09-27T05:54:17.145205+00:00,2026-09-23T22:04:45.672460+00:00,3.56,O,0,partial
2026-09-27T09:27:55.841877+00:00,9106,2026-09-29,Dana White's Contender Series: Contender Series 2026: Week 8,dwcs,george-staines-vs-loai-abushaar-81551,T2ZmZXJOb2RlOjEwMzc0NzA4NQ==,T3V0Y29tZU5vZGU6Njg4MjU2Mg==,Polymarket,exchange,END_KO,A_4,A_5,"Fight ends by KO, TKO or DQ","Fight doesn't end by KO, TKO or DQ",,,Will the fight be won by KO or TKO? - No,,1,-3233,-3233,-2400,-4900,2026-09-27T05:54:17.145205+00:00,2026-09-23T22:04:45.672460+00:00,3.56,O,0,partial
2026-09-27T09:27:55.841877+00:00,9106,2026-09-29,Dana White's Contender Series: Contender Series 2026: Week 8,dwcs,george-staines-vs-loai-abushaar-81551,T2ZmZXJOb2RlOjEwMzc0NzA4NA==,T3V0Y29tZU5vZGU6Njg4MjU1OQ==,Polymarket,exchange,DISTANCE,A_4,A_2,Fight goes the distance,Fight ends inside distance,,,Fight to Go the Distance? - Yes,,0,-1150,-3233,-1150,-4900,2026-09-27T09:04:20.824152+00:00,2026-09-23T22:04:45.599110+00:00,0.39,O,0,partial
2026-09-27T09:27:55.841877+00:00,9106,2026-09-29,Dana White's Contender Series: Contender Series 2026: Week 8,dwcs,george-staines-vs-loai-abushaar-81551,T2ZmZXJOb2RlOjEwMzc0NzA4NA==,T3V0Y29tZU5vZGU6Njg4MjU2MA==,Polymarket,exchange,DISTANCE,A_4,A_2,Fight goes the distance,Fight ends inside distance,,,Fight to Go the Distance? - No,,1,-1900,-9900,-1150,-9900,2026-09-27T09:04:20.824152+00:00,2026-09-23T22:04:45.599110+00:00,0.39,O,0,partial
2026-09-27T09:27:55.841877+00:00,9106,2026-09-29,Dana White's Contender Series: Contender Series 2026: Week 8,dwcs,zaurbek-sabanov-vs-adama-diop-80584,T2ZmZXJOb2RlOjEwMzc1MDUwMA==,T3V0Y29tZU5vZGU6Njg4NzI1NQ==,Kalshi,exchange,START_3,A_4,A_3,Fight starts round 3,Fight doesn't start round 3,,3.0,Fight to start round 3 - Yes,,0,-285,-300,-285,-300,2026-09-27T09:24:23.091683+00:00,2026-09-27T00:15:08.403968+00:00,0.06,O,0,partial
2026-09-27T09:27:55.841877+00:00,9106,2026-09-29,Dana White's Contender Series: Contender Series 2026: Week 8,dwcs,zaurbek-sabanov-vs-adama-diop-80584,T2ZmZXJOb2RlOjEwMzc1MDUwMA==,T3V0Y29tZU5vZGU6Njg4NzI1Ng==,Kalshi,exchange,START_3,A_4,A_3,Fight starts round 3,Fight doesn't start round 3,,3.0,Fight to start round 3 - No,,1,-285,-300,-285,-300,2026-09-27T09:24:23.091683+00:00,2026-09-27T00:15:08.403968+00:00,0.06,O,0,partial
2026-09-27T09:27:55.841877+00:00,9106,2026-09-29,Dana White's Contender Series: Contender Series 2026: Week 8,dwcs,zaurbek-sabanov-vs-adama-diop-80584,T2ZmZXJOb2RlOjEwMzc1MDQ5OQ==,T3V0Y29tZU5vZGU6Njg4NzI1Mw==,Kalshi,exchange,START_2,A_4,A_3,Fight starts round 2,Fight doesn't start round 2,,2.0,Fight to start round 2 - Yes,,0,-233,-300,-233,-300,2026-09-27T08:14:32.380928+00:00,2026-09-27T00:15:08.306523+00:00,1.22,O,0,partial
2026-09-27T09:27:55.841877+00:00,9106,2026-09-29,Dana White's Contender Series: Contender Series 2026: Week 8,dwcs,zaurbek-sabanov-vs-adama-diop-80584,T2ZmZXJOb2RlOjEwMzc1MDQ5OQ==,T3V0Y29tZU5vZGU6Njg4NzI1NA==,Kalshi,exchange,START_2,A_4,A_3,Fight starts round 2,Fight doesn't start round 2,,2.0,Fight to start round 2 - No,,1,-245,-300,-163,-300,2026-09-27T08:14:32.380928+00:00,2026-09-27T00:15:08.306523+00:00,1.22,O,0,partial
2026-09-27T09:27:55.841877+00:00,9106,2026-09-29,Dana White's Contender Series: Contender Series 2026: Week 8,dwcs,zaurbek-sabanov-vs-adama-diop-80584,T2ZmZXJOb2RlOjEwMzc1MDUwMQ==,T3V0Y29tZU5vZGU6Njg4NzI1Nw==,Kalshi,exchange,DISTANCE,A_4,A_2,Fight goes the distance,Fight ends inside distance,,,Fight goes the distance - Yes,,0,-1900,-1900,-1900,-1900,2026-09-27T00:15:29.282700+00:00,2026-09-27T00:15:08.516995+00:00,9.21,O,0,partial
2026-09-27T09:27:55.841877+00:00,9106,2026-09-29,Dana White's Contender Series: Contender Series 2026: Week 8,dwcs,zaurbek-sabanov-vs-adama-diop-80584,T2ZmZXJOb2RlOjEwMzc1MDUwMQ==,T3V0Y29tZU5vZGU6Njg4NzI1OA==,Kalshi,exchange,DISTANCE,A_4,A_2,Fight goes the distance,Fight ends inside distance,,,Fight goes the distance - No,,1,-567,-567,-567,-567,2026-09-27T00:15:29.282700+00:00,2026-09-27T00:15:08.516995+00:00,9.21,O,0,partial
2026-09-27T09:27:55.841877+00:00,9106,2026-09-29,Dana White's Contender Series: Contender Series 2026: Week 8,dwcs,zaurbek-sabanov-vs-adama-diop-80584,T2ZmZXJOb2RlOjEwMzc1MDQ5OA==,T3V0Y29tZU5vZGU6Njg4NzI1Mg==,Kalshi,exchange,R_3,A_5,A_14,wins in round 3,doesn't win in round 3,,3.0,Zaurbek Sabanov to win in Round 3,zaurbek-sabanov-50635,0,+525,+525,+525,+525,2026-09-27T00:15:26.411833+00:00,2026-09-27T00:15:08.244879+00:00,9.21,O,0,partial
2026-09-27T09:27:55.841877+00:00,9106,2026-09-29,Dana White's Contender Series: Contender Series 2026: Week 8,dwcs,zaurbek-sabanov-vs-adama-diop-80584,T2ZmZXJOb2RlOjEwMzc1MDQ5Nw==,T3V0Y29tZU5vZGU6Njg4NzI1MQ==,Kalshi,exchange,R_2,A_5,A_14,wins in round 2,doesn't win in round 2,,2.0,Zaurbek Sabanov to win in Round 2,zaurbek-sabanov-50635,0,+525,+525,+525,+525,2026-09-27T00:15:25.485014+00:00,2026-09-27T00:15:08.185509+00:00,9.21,O,0,partial
2026-09-27T09:27:55.841877+00:00,9106,2026-09-29,Dana White's Contender Series: Contender Series 2026: Week 8,dwcs,zaurbek-sabanov-vs-adama-diop-80584,T2ZmZXJOb2RlOjEwMzc1MDQ5Ng==,T3V0Y29tZU5vZGU6Njg4NzI1MA==,Kalshi,exchange,R_1,A_5,A_14,wins in round 1,doesn't win in round 1,,1.0,Zaurbek Sabanov to win in Round 1,zaurbek-sabanov-50635,0,-300,-300,-300,-300,2026-09-27T00:15:24.854136+00:00,2026-09-27T00:15:08.124290+00:00,9.21,O,0,partial
2026-09-27T09:27:55.841877+00:00,9106,2026-09-29,Dana White's Contender Series: Contender Series 2026: Week 8,dwcs,zaurbek-sabanov-vs-adama-diop-80584,T2ZmZXJOb2RlOjEwMzc1MDQ5NQ==,T3V0Y29tZU5vZGU6Njg4NzI0OQ==,Kalshi,exchange,R_3,A_5,A_14,wins in round 3,doesn't win in round 3,,3.0,Adama Diop to win in Round 3,adama-diop-52991,0,+525,+525,+525,+525,2026-09-27T00:15:23.566936+00:00,2026-09-27T00:15:08.060111+00:00,9.21,O,0,partial
2026-09-27T09:27:55.841877+00:00,9106,2026-09-29,Dana White's Contender Series: Contender Series 2026: Week 8,dwcs,zaurbek-sabanov-vs-adama-diop-80584,T2ZmZXJOb2RlOjEwMzc1MDQ5NA==,T3V0Y29tZU5vZGU6Njg4NzI0OA==,Kalshi,exchange,R_2,A_5,A_14,wins in round 2,doesn't win in round 2,,2.0,Adama Diop to win in Round 2,adama-diop-52991,0,+525,+525,+525,+525,2026-09-27T00:15:22.477304+00:00,2026-09-27T00:15:07.971162+00:00,9.21,O,0,partial
2026-09-27T09:27:55.841877+00:00,9106,2026-09-29,Dana White's Contender Series: Contender Series 2026: Week 8,dwcs,zaurbek-sabanov-vs-adama-diop-80584,T2ZmZXJOb2RlOjEwMzc1MDQ5Mw==,T3V0Y29tZU5vZGU6Njg4NzI0Nw==,Kalshi,exchange,R_1,A_5,A_14,wins in round 1,doesn't win in round 1,,1.0,Adama Diop to win in Round 1,adama-diop-52991,0,+245,+245,+257,+245,2026-09-27T09:24:22.911114+00:00,2026-09-27T00:15:07.929405+00:00,0.06,O,0,partial
2026-09-27T09:27:55.841877+00:00,9106,2026-09-29,Dana White's Contender Series: Contender Series 2026: Week 8,dwcs,zaurbek-sabanov-vs-adama-diop-80584,T2ZmZXJOb2RlOjEwMzc1MDQ5Mg==,T3V0Y29tZU5vZGU6Njg4NzI0Ng==,Kalshi,exchange,,,,,,,,Decision,,0,-186,-186,-186,-186,2026-09-27T00:15:20.525515+00:00,2026-09-27T00:15:07.854695+00:00,9.21,O,0,partial
2026-09-27T09:27:55.841877+00:00,9106,2026-09-29,Dana White's Contender Series: Contender Series 2026: Week 8,dwcs,zaurbek-sabanov-vs-adama-diop-80584,T2ZmZXJOb2RlOjEwMzc1MDQ5MQ==,T3V0Y29tZU5vZGU6Njg4NzI0NQ==,Kalshi,exchange,END_SUB,A_4,A_5,Fight ends in submission,Fight doesn't end in submission,,,Submission,,0,-186,-186,-186,-186,2026-09-27T00:15:19.455152+00:00,2026-09-27T00:15:07.775434+00:00,9.21,O,0,partial
2026-09-27T09:27:55.841877+00:00,9106,2026-09-29,Dana White's Contender Series: Contender Series 2026: Week 8,dwcs,zaurbek-sabanov-vs-adama-diop-80584,T2ZmZXJOb2RlOjEwMzc1MDQ5MA==,T3V0Y29tZU5vZGU6Njg4NzI0NA==,Kalshi,exchange,END_KO,A_4,A_5,"Fight ends by KO, TKO or DQ","Fight doesn't end by KO, TKO or DQ",,,KO/TKO/DQ,,0,-186,-186,-186,-186,2026-09-27T00:15:18.535328+00:00,2026-09-27T00:15:07.716605+00:00,9.21,O,0,partial
2026-09-27T09:27:55.841877+00:00,9106,2026-09-29,Dana White's Contender Series: Contender Series 2026: Week 8,dwcs,zaurbek-sabanov-vs-adama-diop-80584,T2ZmZXJOb2RlOjEwMzc1MDQ4OQ==,T3V0Y29tZU5vZGU6Njg4NzI0Mw==,Kalshi,exchange,DEC,A_5,A_13,wins by decision,doesn't win by decision,,1.0,Zaurbek Sabanov by Decision,zaurbek-sabanov-50635,0,+100,+100,+100,+100,2026-09-27T00:15:17.561799+00:00,2026-09-27T00:15:07.631061+00:00,9.21,O,0,partial
2026-09-27T09:27:55.841877+00:00,9106,2026-09-29,Dana White's Contender Series: Contender Series 2026: Week 8,dwcs,zaurbek-sabanov-vs-adama-diop-80584,T2ZmZXJOb2RlOjEwMzc1MDQ4OA==,T3V0Y29tZU5vZGU6Njg4NzI0Mg==,Kalshi,exchange,SUB,A_5,A_13,wins by submission,doesn't win by submission,,3.0,Zaurbek Sabanov by Submission,zaurbek-sabanov-50635,0,+100,+100,+100,+100,2026-09-27T00:15:16.760906+00:00,2026-09-27T00:15:07.544504+00:00,9.21,O,0,partial
2026-09-27T09:27:55.841877+00:00,9106,2026-09-29,Dana White's Contender Series: Contender Series 2026: Week 8,dwcs,zaurbek-sabanov-vs-adama-diop-80584,T2ZmZXJOb2RlOjEwMzc1MDQ4Nw==,T3V0Y29tZU5vZGU6Njg4NzI0MQ==,Kalshi,exchange,KO,A_5,A_13,wins by TKO/KO,doesn't win by TKO/KO,,2.0,Zaurbek Sabanov by KO/TKO/DQ,zaurbek-sabanov-50635,0,+100,+100,+100,+100,2026-09-27T00:15:15.819283+00:00,2026-09-27T00:15:07.496397+00:00,9.21,O,0,partial
2026-09-27T09:27:55.841877+00:00,9106,2026-09-29,Dana White's Contender Series: Contender Series 2026: Week 8,dwcs,zaurbek-sabanov-vs-adama-diop-80584,T2ZmZXJOb2RlOjEwMzc1MDQ4Ng==,T3V0Y29tZU5vZGU6Njg4NzI0MA==,Kalshi,exchange,DEC,A_5,A_13,wins by decision,doesn't win by decision,,1.0,Adama Diop by Decision,adama-diop-52991,0,+144,+100,+456,-144,2026-09-27T07:29:07.373439+00:00,2026-09-27T00:15:07.414910+00:00,1.98,O,0,partial
2026-09-27T09:27:55.841877+00:00,9106,2026-09-29,Dana White's Contender Series: Contender Series 2026: Week 8,dwcs,zaurbek-sabanov-vs-adama-diop-80584,T2ZmZXJOb2RlOjEwMzc1MDQ4NQ==,T3V0Y29tZU5vZGU6Njg4NzIzOQ==,Kalshi,exchange,SUB,A_5,A_13,wins by submission,doesn't win by submission,,3.0,Adama Diop by Submission,adama-diop-52991,0,+100,+100,+100,+100,2026-09-27T00:15:13.830524+00:00,2026-09-27T00:15:07.358511+00:00,9.21,O,0,partial
2026-09-27T09:27:55.841877+00:00,9106,2026-09-29,Dana White's Contender Series: Contender Series 2026: Week 8,dwcs,zaurbek-sabanov-vs-adama-diop-80584,T2ZmZXJOb2RlOjEwMzc1MDQ4NA==,T3V0Y29tZU5vZGU6Njg4NzIzOA==,Kalshi,exchange,KO,A_5,A_13,wins by TKO/KO,doesn't win by TKO/KO,,2.0,Adama Diop by KO/TKO/DQ,adama-diop-52991,0,+100,+100,+100,+100,2026-09-27T00:15:12.932701+00:00,2026-09-27T00:15:07.291287+00:00,9.21,O,0,partial
2026-09-27T09:27:55.841877+00:00,9106,2026-09-29,Dana White's Contender Series: Contender Series 2026: Week 8,dwcs,zaurbek-sabanov-vs-adama-diop-80584,T2ZmZXJOb2RlOjEwMzc0NzEwMA==,T3V0Y29tZU5vZGU6Njg4MjU5MQ==,Polymarket,exchange,OVERUNDER_2.5,A_4,A_1,Over 2.5 rounds,Under 2.5 rounds,,2.5,Over 2.5,,0,-3233,-9900,-2400,-9900,2026-09-25T10:55:18.308313+00:00,2026-09-23T22:04:46.566175+00:00,46.54,O,0,partial
2026-09-27T09:27:55.841877+00:00,9106,2026-09-29,Dana White's Contender Series: Contender Series 2026: Week 8,dwcs,zaurbek-sabanov-vs-adama-diop-80584,T2ZmZXJOb2RlOjEwMzc0NzEwMA==,T3V0Y29tZU5vZGU6Njg4MjU5Mg==,Polymarket,exchange,OVERUNDER_2.5,A_4,A_1,Over 2.5 rounds,Under 2.5 rounds,,2.5,Under 2.5,,1,-3233,-9900,-2400,-9900,2026-09-25T10:55:18.308313+00:00,2026-09-23T22:04:46.566175+00:00,46.54,O,0,partial
2026-09-27T09:27:55.841877+00:00,9106,2026-09-29,Dana White's Contender Series: Contender Series 2026: Week 8,dwcs,zaurbek-sabanov-vs-adama-diop-80584,T2ZmZXJOb2RlOjEwMzc0NzA5OQ==,T3V0Y29tZU5vZGU6Njg4MjU4OQ==,Polymarket,exchange,OVERUNDER_1.5,A_4,A_1,Over 1.5 rounds,Under 1.5 rounds,,1.5,Over 1.5,,0,-3233,-9900,-2400,-9900,2026-09-25T10:55:18.265125+00:00,2026-09-23T22:04:46.435041+00:00,46.54,O,0,partial
2026-09-27T09:27:55.841877+00:00,9106,2026-09-29,Dana White's Contender Series: Contender Series 2026: Week 8,dwcs,zaurbek-sabanov-vs-adama-diop-80584,T2ZmZXJOb2RlOjEwMzc0NzA5OQ==,T3V0Y29tZU5vZGU6Njg4MjU5MA==,Polymarket,exchange,OVERUNDER_1.5,A_4,A_1,Over 1.5 rounds,Under 1.5 rounds,,1.5,Under 1.5,,1,-3233,-9900,-2400,-9900,2026-09-25T10:55:18.265125+00:00,2026-09-23T22:04:46.435041+00:00,46.54,O,0,partial
2026-09-27T09:27:55.841877+00:00,9106,2026-09-29,Dana White's Contender Series: Contender Series 2026: Week 8,dwcs,zaurbek-sabanov-vs-adama-diop-80584,T2ZmZXJOb2RlOjEwMzc0NzA5OA==,T3V0Y29tZU5vZGU6Njg4MjU4Nw==,Polymarket,exchange,OVERUNDER_0.5,A_4,A_1,Over 0.5 rounds,Under 0.5 rounds,,0.5,Over 0.5,,0,-3233,-4900,-1900,-4900,2026-09-25T10:55:18.222449+00:00,2026-09-23T22:04:46.376766+00:00,46.54,O,0,partial
2026-09-27T09:27:55.841877+00:00,9106,2026-09-29,Dana White's Contender Series: Contender Series 2026: Week 8,dwcs,zaurbek-sabanov-vs-adama-diop-80584,T2ZmZXJOb2RlOjEwMzc0NzA5OA==,T3V0Y29tZU5vZGU6Njg4MjU4OA==,Polymarket,exchange,OVERUNDER_0.5,A_4,A_1,Over 0.5 rounds,Under 0.5 rounds,,0.5,Under 0.5,,1,-3233,-4900,-1900,-4900,2026-09-25T10:55:18.222449+00:00,2026-09-23T22:04:46.376766+00:00,46.54,O,0,partial
2026-09-27T09:27:55.841877+00:00,9106,2026-09-29,Dana White's Contender Series: Contender Series 2026: Week 8,dwcs,zaurbek-sabanov-vs-adama-diop-80584,T2ZmZXJOb2RlOjEwMzc0NzA5Nw==,T3V0Y29tZU5vZGU6Njg4MjU4NQ==,Polymarket,exchange,END_SUB,A_4,A_5,Fight ends in submission,Fight doesn't end in submission,,,Will the fight be won by submission? - Yes,,0,-1329,-4900,-1150,-4900,2026-09-27T08:54:35.489562+00:00,2026-09-23T22:04:46.312937+00:00,0.56,O,0,partial
2026-09-27T09:27:55.841877+00:00,9106,2026-09-29,Dana White's Contender Series: Contender Series 2026: Week 8,dwcs,zaurbek-sabanov-vs-adama-diop-80584,T2ZmZXJOb2RlOjEwMzc0NzA5Nw==,T3V0Y29tZU5vZGU6Njg4MjU4Ng==,Polymarket,exchange,END_SUB,A_4,A_5,Fight ends in submission,Fight doesn't end in submission,,,Will the fight be won by submission? - No,,1,-3233,-4900,-2400,-4900,2026-09-27T08:54:35.489562+00:00,2026-09-23T22:04:46.312937+00:00,0.56,O,0,partial
2026-09-27T09:27:55.841877+00:00,9106,2026-09-29,Dana White's Contender Series: Contender Series 2026: Week 8,dwcs,zaurbek-sabanov-vs-adama-diop-80584,T2ZmZXJOb2RlOjEwMzc0NzA5Ng==,T3V0Y29tZU5vZGU6Njg4MjU4Mw==,Polymarket,exchange,KO,A_5,A_13,wins by TKO/KO,doesn't win by TKO/KO,,2.0,Will Adama Diop win by KO or TKO? - Yes,adama-diop-52991,0,-3233,-4900,-2400,-4900,2026-09-25T10:55:18.106485+00:00,2026-09-23T22:04:46.262804+00:00,46.54,O,0,partial
2026-09-27T09:27:55.841877+00:00,9106,2026-09-29,Dana White's Contender Series: Contender Series 2026: Week 8,dwcs,zaurbek-sabanov-vs-adama-diop-80584,T2ZmZXJOb2RlOjEwMzc0NzA5Ng==,T3V0Y29tZU5vZGU6Njg4MjU4NA==,Polymarket,exchange,KO,A_5,A_13,wins by TKO/KO,doesn't win by TKO/KO,,2.0,Will Adama Diop win by KO or TKO? - No,adama-diop-52991,1,-3233,-4900,-2400,-4900,2026-09-25T10:55:18.106485+00:00,2026-09-23T22:04:46.262804+00:00,46.54,O,0,partial
2026-09-27T09:27:55.841877+00:00,9106,2026-09-29,Dana White's Contender Series: Contender Series 2026: Week 8,dwcs,zaurbek-sabanov-vs-adama-diop-80584,T2ZmZXJOb2RlOjEwMzc0NzA5NQ==,T3V0Y29tZU5vZGU6Njg4MjU4MQ==,Polymarket,exchange,KO,A_5,A_13,wins by TKO/KO,doesn't win by TKO/KO,,2.0,Will Zaurbek Sabanov win by KO or TKO? - Yes,zaurbek-sabanov-50635,0,-3233,-4900,-2400,-4900,2026-09-27T05:54:17.257664+00:00,2026-09-23T22:04:46.209382+00:00,3.56,O,0,partial
2026-09-27T09:27:55.841877+00:00,9106,2026-09-29,Dana White's Contender Series: Contender Series 2026: Week 8,dwcs,zaurbek-sabanov-vs-adama-diop-80584,T2ZmZXJOb2RlOjEwMzc0NzA5NQ==,T3V0Y29tZU5vZGU6Njg4MjU4Mg==,Polymarket,exchange,KO,A_5,A_13,wins by TKO/KO,doesn't win by TKO/KO,,2.0,Will Zaurbek Sabanov win by KO or TKO? - No,zaurbek-sabanov-50635,1,-3233,-4900,-3233,-4900,2026-09-27T05:54:17.257664+00:00,2026-09-23T22:04:46.209382+00:00,3.56,O,0,partial
2026-09-27T09:27:55.841877+00:00,9106,2026-09-29,Dana White's Contender Series: Contender Series 2026: Week 8,dwcs,zaurbek-sabanov-vs-adama-diop-80584,T2ZmZXJOb2RlOjEwMzc0NzA5NA==,T3V0Y29tZU5vZGU6Njg4MjU3OQ==,Polymarket,exchange,END_KO,A_4,A_5,"Fight ends by KO, TKO or DQ","Fight doesn't end by KO, TKO or DQ",,,Will the fight be won by KO or TKO? - Yes,,0,-3233,-4900,-2400,-4900,2026-09-25T13:04:24.839809+00:00,2026-09-23T22:04:46.143350+00:00,44.39,O,0,partial
2026-09-27T09:27:55.841877+00:00,9106,2026-09-29,Dana White's Contender Series: Contender Series 2026: Week 8,dwcs,zaurbek-sabanov-vs-adama-diop-80584,T2ZmZXJOb2RlOjEwMzc0NzA5NA==,T3V0Y29tZU5vZGU6Njg4MjU4MA==,Polymarket,exchange,END_KO,A_4,A_5,"Fight ends by KO, TKO or DQ","Fight doesn't end by KO, TKO or DQ",,,Will the fight be won by KO or TKO? - No,,1,-3233,-4900,-1900,-4900,2026-09-25T13:04:24.839809+00:00,2026-09-23T22:04:46.143350+00:00,44.39,O,0,partial
2026-09-27T09:27:55.841877+00:00,9106,2026-09-29,Dana White's Contender Series: Contender Series 2026: Week 8,dwcs,zaurbek-sabanov-vs-adama-diop-80584,T2ZmZXJOb2RlOjEwMzc0NzA5Mw==,T3V0Y29tZU5vZGU6Njg4MjU3Nw==,Polymarket,exchange,DISTANCE,A_4,A_2,Fight goes the distance,Fight ends inside distance,,,Fight to Go the Distance? - Yes,,0,-1329,-4900,-1329,-4900,2026-09-27T09:04:20.933801+00:00,2026-09-23T22:04:46.096124+00:00,0.39,O,0,partial
2026-09-27T09:27:55.841877+00:00,9106,2026-09-29,Dana White's Contender Series: Contender Series 2026: Week 8,dwcs,zaurbek-sabanov-vs-adama-diop-80584,T2ZmZXJOb2RlOjEwMzc0NzA5Mw==,T3V0Y29tZU5vZGU6Njg4MjU3OA==,Polymarket,exchange,DISTANCE,A_4,A_2,Fight goes the distance,Fight ends inside distance,,,Fight to Go the Distance? - No,,1,-1329,-9900,-1329,-9900,2026-09-27T09:04:20.933801+00:00,2026-09-23T22:04:46.096124+00:00,0.39,O,0,partial
2026-09-27T09:27:55.841877+00:00,9106,2026-09-29,Dana White's Contender Series: Contender Series 2026: Week 8,dwcs,ian-escuza-vs-luca-borando-79907,T2ZmZXJOb2RlOjEwMzc1MDQ3Nw==,T3V0Y29tZU5vZGU6Njg4NzIyNQ==,Kalshi,exchange,DISTANCE,A_4,A_2,Fight goes the distance,Fight ends inside distance,,,Fight goes the distance - Yes,,0,-1900,-1900,-1900,-1900,2026-09-26T23:54:39.219562+00:00,2026-09-26T23:54:27.479602+00:00,9.55,O,0,partial
2026-09-27T09:27:55.841877+00:00,9106,2026-09-29,Dana White's Contender Series: Contender Series 2026: Week 8,dwcs,ian-escuza-vs-luca-borando-79907,T2ZmZXJOb2RlOjEwMzc1MDQ3Nw==,T3V0Y29tZU5vZGU6Njg4NzIyNg==,Kalshi,exchange,DISTANCE,A_4,A_2,Fight goes the distance,Fight ends inside distance,,,Fight goes the distance - No,,1,-567,-567,-567,-567,2026-09-26T23:54:39.219562+00:00,2026-09-26T23:54:27.479602+00:00,9.55,O,0,partial
2026-09-27T09:27:55.841877+00:00,9106,2026-09-29,Dana White's Contender Series: Contender Series 2026: Week 8,dwcs,ian-escuza-vs-luca-borando-79907,T2ZmZXJOb2RlOjEwMzc1MDQ3Ng==,T3V0Y29tZU5vZGU6Njg4NzIyMw==,Kalshi,exchange,START_3,A_4,A_3,Fight starts round 3,Fight doesn't start round 3,,3.0,Fight to start round 3 - Yes,,0,-233,-300,-233,-300,2026-09-27T08:14:32.363015+00:00,2026-09-26T23:54:27.436751+00:00,1.22,O,0,partial
2026-09-27T09:27:55.841877+00:00,9106,2026-09-29,Dana White's Contender Series: Contender Series 2026: Week 8,dwcs,ian-escuza-vs-luca-borando-79907,T2ZmZXJOb2RlOjEwMzc1MDQ3Ng==,T3V0Y29tZU5vZGU6Njg4NzIyNA==,Kalshi,exchange,START_3,A_4,A_3,Fight starts round 3,Fight doesn't start round 3,,3.0,Fight to start round 3 - No,,1,-245,-300,-127,-300,2026-09-27T08:14:32.363015+00:00,2026-09-26T23:54:27.436751+00:00,1.22,O,0,partial
2026-09-27T09:27:55.841877+00:00,9106,2026-09-29,Dana White's Contender Series: Contender Series 2026: Week 8,dwcs,ian-escuza-vs-luca-borando-79907,T2ZmZXJOb2RlOjEwMzc1MDQ3NQ==,T3V0Y29tZU5vZGU6Njg4NzIyMQ==,Kalshi,exchange,START_2,A_4,A_3,Fight starts round 2,Fight doesn't start round 2,,2.0,Fight to start round 2 - Yes,,0,-9900,-9900,-9900,-9900,2026-09-26T23:54:38.295477+00:00,2026-09-26T23:54:27.390082+00:00,9.55,O,0,partial
2026-09-27T09:27:55.841877+00:00,9106,2026-09-29,Dana White's Contender Series: Contender Series 2026: Week 8,dwcs,ian-escuza-vs-luca-borando-79907,T2ZmZXJOb2RlOjEwMzc1MDQ3NQ==,T3V0Y29tZU5vZGU6Njg4NzIyMg==,Kalshi,exchange,START_2,A_4,A_3,Fight starts round 2,Fight doesn't start round 2,,2.0,Fight to start round 2 - No,,1,-133,-133,-133,-133,2026-09-26T23:54:38.295477+00:00,2026-09-26T23:54:27.390082+00:00,9.55,O,0,partial
2026-09-27T09:27:55.841877+00:00,9106,2026-09-29,Dana White's Contender Series: Contender Series 2026: Week 8,dwcs,ian-escuza-vs-luca-borando-79907,T2ZmZXJOb2RlOjEwMzc1MDQ3NA==,T3V0Y29tZU5vZGU6Njg4NzIyMA==,Kalshi,exchange,R_3,A_5,A_14,wins in round 3,doesn't win in round 3,,3.0,Luca Borando to win in Round 3,luca-borando-51975,0,+525,+525,+525,+525,2026-09-26T23:54:37.818278+00:00,2026-09-26T23:54:27.366739+00:00,9.56,O,0,partial
2026-09-27T09:27:55.841877+00:00,9106,2026-09-29,Dana White's Contender Series: Contender Series 2026: Week 8,dwcs,ian-escuza-vs-luca-borando-79907,T2ZmZXJOb2RlOjEwMzc1MDQ3Mw==,T3V0Y29tZU5vZGU6Njg4NzIxOQ==,Kalshi,exchange,R_2,A_5,A_14,wins in round 2,doesn't win in round 2,,2.0,Luca Borando to win in Round 2,luca-borando-51975,0,+525,+525,+525,+525,2026-09-26T23:54:37.240350+00:00,2026-09-26T23:54:27.342106+00:00,9.56,O,0,partial
2026-09-27T09:27:55.841877+00:00,9106,2026-09-29,Dana White's Contender Series: Contender Series 2026: Week 8,dwcs,ian-escuza-vs-luca-borando-79907,T2ZmZXJOb2RlOjEwMzc1MDQ3Mg==,T3V0Y29tZU5vZGU6Njg4NzIxOA==,Kalshi,exchange,R_1,A_5,A_14,wins in round 1,doesn't win in round 1,,1.0,Luca Borando to win in Round 1,luca-borando-51975,0,+156,+156,+156,+156,2026-09-26T23:54:36.798155+00:00,2026-09-26T23:54:27.322500+00:00,9.56,O,0,partial
2026-09-27T09:27:55.841877+00:00,9106,2026-09-29,Dana White's Contender Series: Contender Series 2026: Week 8,dwcs,ian-escuza-vs-luca-borando-79907,T2ZmZXJOb2RlOjEwMzc1MDQ3MQ==,T3V0Y29tZU5vZGU6Njg4NzIxNw==,Kalshi,exchange,R_3,A_5,A_14,wins in round 3,doesn't win in round 3,,3.0,Ian Escuza to win in Round 3,ian-escuza-67615,0,+525,+525,+525,+525,2026-09-26T23:54:36.318631+00:00,2026-09-26T23:54:27.304914+00:00,9.56,O,0,partial
2026-09-27T09:27:55.841877+00:00,9106,2026-09-29,Dana White's Contender Series: Contender Series 2026: Week 8,dwcs,ian-escuza-vs-luca-borando-79907,T2ZmZXJOb2RlOjEwMzc1MDQ3MA==,T3V0Y29tZU5vZGU6Njg4NzIxNg==,Kalshi,exchange,R_2,A_5,A_14,wins in round 2,doesn't win in round 2,,2.0,Ian Escuza to win in Round 2,ian-escuza-67615,0,+525,+525,+525,+525,2026-09-26T23:54:35.709672+00:00,2026-09-26T23:54:27.274667+00:00,9.56,O,0,partial
2026-09-27T09:27:55.841877+00:00,9106,2026-09-29,Dana White's Contender Series: Contender Series 2026: Week 8,dwcs,ian-escuza-vs-luca-borando-79907,T2ZmZXJOb2RlOjEwMzc1MDQ2OQ==,T3V0Y29tZU5vZGU6Njg4NzIxNQ==,Kalshi,exchange,R_1,A_5,A_14,wins in round 1,doesn't win in round 1,,1.0,Ian Escuza to win in Round 1,ian-escuza-67615,0,+245,+245,+245,+245,2026-09-26T23:54:35.101488+00:00,2026-09-26T23:54:27.252783+00:00,9.56,O,0,partial
2026-09-27T09:27:55.841877+00:00,9106,2026-09-29,Dana White's Contender Series: Contender Series 2026: Week 8,dwcs,ian-escuza-vs-luca-borando-79907,T2ZmZXJOb2RlOjEwMzc1MDQ2OA==,T3V0Y29tZU5vZGU6Njg4NzIxNA==,Kalshi,exchange,,,,,,,,Decision,,0,-186,-270,-186,-270,2026-09-26T23:59:22.577793+00:00,2026-09-26T23:54:27.224592+00:00,9.48,O,0,partial
2026-09-27T09:27:55.841877+00:00,9106,2026-09-29,Dana White's Contender Series: Contender Series 2026: Week 8,dwcs,ian-escuza-vs-luca-borando-79907,T2ZmZXJOb2RlOjEwMzc1MDQ2Nw==,T3V0Y29tZU5vZGU6Njg4NzIxMw==,Kalshi,exchange,END_SUB,A_4,A_5,Fight ends in submission,Fight doesn't end in submission,,,Submission,,0,-186,-270,-186,-270,2026-09-26T23:59:22.573337+00:00,2026-09-26T23:54:27.205069+00:00,9.48,O,0,partial
2026-09-27T09:27:55.841877+00:00,9106,2026-09-29,Dana White's Contender Series: Contender Series 2026: Week 8,dwcs,ian-escuza-vs-luca-borando-79907,T2ZmZXJOb2RlOjEwMzc1MDQ2Ng==,T3V0Y29tZU5vZGU6Njg4NzIxMg==,Kalshi,exchange,END_KO,A_4,A_5,"Fight ends by KO, TKO or DQ","Fight doesn't end by KO, TKO or DQ",,,KO/TKO/DQ,,0,-186,-270,-186,-270,2026-09-26T23:59:22.569031+00:00,2026-09-26T23:54:27.175585+00:00,9.48,O,0,partial
2026-09-27T09:27:55.841877+00:00,9106,2026-09-29,Dana White's Contender Series: Contender Series 2026: Week 8,dwcs,ian-escuza-vs-luca-borando-79907,T2ZmZXJOb2RlOjEwMzc1MDQ2NQ==,T3V0Y29tZU5vZGU6Njg4NzIxMQ==,Kalshi,exchange,DEC,A_5,A_13,wins by decision,doesn't win by decision,,1.0,Luca Borando by Decision,luca-borando-51975,0,+100,+100,+100,+100,2026-09-26T23:54:32.927518+00:00,2026-09-26T23:54:27.149829+00:00,9.56,O,0,partial
2026-09-27T09:27:55.841877+00:00,9106,2026-09-29,Dana White's Contender Series: Contender Series 2026: Week 8,dwcs,ian-escuza-vs-luca-borando-79907,T2ZmZXJOb2RlOjEwMzc1MDQ2NA==,T3V0Y29tZU5vZGU6Njg4NzIxMA==,Kalshi,exchange,SUB,A_5,A_13,wins by submission,doesn't win by submission,,3.0,Luca Borando by Submission,luca-borando-51975,0,+100,+100,+100,+100,2026-09-26T23:54:32.350531+00:00,2026-09-26T23:54:27.121067+00:00,9.56,O,0,partial
2026-09-27T09:27:55.841877+00:00,9106,2026-09-29,Dana White's Contender Series: Contender Series 2026: Week 8,dwcs,ian-escuza-vs-luca-borando-79907,T2ZmZXJOb2RlOjEwMzc1MDQ2Mw==,T3V0Y29tZU5vZGU6Njg4NzIwOQ==,Kalshi,exchange,KO,A_5,A_13,wins by TKO/KO,doesn't win by TKO/KO,,2.0,Luca Borando by KO/TKO/DQ,luca-borando-51975,0,+100,+100,+100,+100,2026-09-26T23:54:31.629294+00:00,2026-09-26T23:54:27.097115+00:00,9.56,O,0,partial
2026-09-27T09:27:55.841877+00:00,9106,2026-09-29,Dana White's Contender Series: Contender Series 2026: Week 8,dwcs,ian-escuza-vs-luca-borando-79907,T2ZmZXJOb2RlOjEwMzc1MDQ2Mg==,T3V0Y29tZU5vZGU6Njg4NzIwOA==,Kalshi,exchange,DEC,A_5,A_13,wins by decision,doesn't win by decision,,1.0,Ian Escuza by Decision,ian-escuza-67615,0,+100,+100,+100,+100,2026-09-26T23:54:30.915268+00:00,2026-09-26T23:54:27.077860+00:00,9.56,O,0,partial
2026-09-27T09:27:55.841877+00:00,9106,2026-09-29,Dana White's Contender Series: Contender Series 2026: Week 8,dwcs,ian-escuza-vs-luca-borando-79907,T2ZmZXJOb2RlOjEwMzc1MDQ2MQ==,T3V0Y29tZU5vZGU6Njg4NzIwNw==,Kalshi,exchange,SUB,A_5,A_13,wins by submission,doesn't win by submission,,3.0,Ian Escuza by Submission,ian-escuza-67615,0,+100,+100,+100,+100,2026-09-26T23:54:30.038113+00:00,2026-09-26T23:54:27.053116+00:00,9.56,O,0,partial
2026-09-27T09:27:55.841877+00:00,9106,2026-09-29,Dana White's Contender Series: Contender Series 2026: Week 8,dwcs,ian-escuza-vs-luca-borando-79907,T2ZmZXJOb2RlOjEwMzc1MDQ2MA==,T3V0Y29tZU5vZGU6Njg4NzIwNg==,Kalshi,exchange,KO,A_5,A_13,wins by TKO/KO,doesn't win by TKO/KO,,2.0,Ian Escuza by KO/TKO/DQ,ian-escuza-67615,0,+100,+100,+100,+100,2026-09-26T23:54:29.537892+00:00,2026-09-26T23:54:27.010113+00:00,9.56,O,0,partial
2026-09-27T09:27:55.841877+00:00,9106,2026-09-29,Dana White's Contender Series: Contender Series 2026: Week 8,dwcs,ian-escuza-vs-luca-borando-79907,T2ZmZXJOb2RlOjEwMzc0NzEwNg==,T3V0Y29tZU5vZGU6Njg4MjYwMw==,Polymarket,exchange,END_SUB,A_4,A_5,Fight ends in submission,Fight doesn't end in submission,,,Will the fight be won by submission? - Yes,,0,-1150,-4900,-1150,-4900,2026-09-27T09:04:21.074615+00:00,2026-09-23T22:04:47.176932+00:00,0.39,O,0,partial
2026-09-27T09:27:55.841877+00:00,9106,2026-09-29,Dana White's Contender Series: Contender Series 2026: Week 8,dwcs,ian-escuza-vs-luca-borando-79907,T2ZmZXJOb2RlOjEwMzc0NzEwNg==,T3V0Y29tZU5vZGU6Njg4MjYwNA==,Polymarket,exchange,END_SUB,A_4,A_5,Fight ends in submission,Fight doesn't end in submission,,,Will the fight be won by submission? - No,,1,-3233,-4900,-3233,-4900,2026-09-27T09:04:21.074615+00:00,2026-09-23T22:04:47.176932+00:00,0.39,O,0,partial
2026-09-27T09:27:55.841877+00:00,9106,2026-09-29,Dana White's Contender Series: Contender Series 2026: Week 8,dwcs,ian-escuza-vs-luca-borando-79907,T2ZmZXJOb2RlOjEwMzc0NzEwOQ==,T3V0Y29tZU5vZGU6Njg4MjYwOQ==,Polymarket,exchange,OVERUNDER_2.5,A_4,A_1,Over 2.5 rounds,Under 2.5 rounds,,2.5,Over 2.5,,0,-3233,-9900,-2400,-9900,2026-09-25T10:14:20.962802+00:00,2026-09-23T22:04:47.241962+00:00,47.23,O,0,partial
2026-09-27T09:27:55.841877+00:00,9106,2026-09-29,Dana White's Contender Series: Contender Series 2026: Week 8,dwcs,ian-escuza-vs-luca-borando-79907,T2ZmZXJOb2RlOjEwMzc0NzEwOQ==,T3V0Y29tZU5vZGU6Njg4MjYxMA==,Polymarket,exchange,OVERUNDER_2.5,A_4,A_1,Over 2.5 rounds,Under 2.5 rounds,,2.5,Under 2.5,,1,-3233,-9900,-2400,-9900,2026-09-25T10:14:20.962802+00:00,2026-09-23T22:04:47.241962+00:00,47.23,O,0,partial
2026-09-27T09:27:55.841877+00:00,9106,2026-09-29,Dana White's Contender Series: Contender Series 2026: Week 8,dwcs,ian-escuza-vs-luca-borando-79907,T2ZmZXJOb2RlOjEwMzc0NzEwOA==,T3V0Y29tZU5vZGU6Njg4MjYwNw==,Polymarket,exchange,OVERUNDER_1.5,A_4,A_1,Over 1.5 rounds,Under 1.5 rounds,,1.5,Over 1.5,,0,-3233,-9900,-2400,-9900,2026-09-25T10:39:12.793652+00:00,2026-09-23T22:04:47.217542+00:00,46.81,O,0,partial
2026-09-27T09:27:55.841877+00:00,9106,2026-09-29,Dana White's Contender Series: Contender Series 2026: Week 8,dwcs,ian-escuza-vs-luca-borando-79907,T2ZmZXJOb2RlOjEwMzc0NzEwOA==,T3V0Y29tZU5vZGU6Njg4MjYwOA==,Polymarket,exchange,OVERUNDER_1.5,A_4,A_1,Over 1.5 rounds,Under 1.5 rounds,,1.5,Under 1.5,,1,-3233,-9900,-2400,-9900,2026-09-25T10:39:12.793652+00:00,2026-09-23T22:04:47.217542+00:00,46.81,O,0,partial
2026-09-27T09:27:55.841877+00:00,9106,2026-09-29,Dana White's Contender Series: Contender Series 2026: Week 8,dwcs,ian-escuza-vs-luca-borando-79907,T2ZmZXJOb2RlOjEwMzc0NzEwMg==,T3V0Y29tZU5vZGU6Njg4MjU5NQ==,Polymarket,exchange,DISTANCE,A_4,A_2,Fight goes the distance,Fight ends inside distance,,,Fight to Go the Distance? - Yes,,0,-1150,-4900,-1150,-4900,2026-09-27T08:54:35.550443+00:00,2026-09-23T22:04:46.840179+00:00,0.56,O,0,partial
2026-09-27T09:27:55.841877+00:00,9106,2026-09-29,Dana White's Contender Series: Contender Series 2026: Week 8,dwcs,ian-escuza-vs-luca-borando-79907,T2ZmZXJOb2RlOjEwMzc0NzEwMg==,T3V0Y29tZU5vZGU6Njg4MjU5Ng==,Polymarket,exchange,DISTANCE,A_4,A_2,Fight goes the distance,Fight ends inside distance,,,Fight to Go the Distance? - No,,1,-1329,-9900,-1329,-9900,2026-09-27T08:54:35.550443+00:00,2026-09-23T22:04:46.840179+00:00,0.56,O,0,partial
2026-09-27T09:27:55.841877+00:00,9106,2026-09-29,Dana White's Contender Series: Contender Series 2026: Week 8,dwcs,ian-escuza-vs-luca-borando-79907,T2ZmZXJOb2RlOjEwMzc0NzEwNw==,T3V0Y29tZU5vZGU6Njg4MjYwNQ==,Polymarket,exchange,OVERUNDER_0.5,A_4,A_1,Over 0.5 rounds,Under 0.5 rounds,,0.5,Over 0.5,,0,-3233,-4900,-2400,-4900,2026-09-25T10:39:12.786057+00:00,2026-09-23T22:04:47.202757+00:00,46.81,O,0,partial
2026-09-27T09:27:55.841877+00:00,9106,2026-09-29,Dana White's Contender Series: Contender Series 2026: Week 8,dwcs,ian-escuza-vs-luca-borando-79907,T2ZmZXJOb2RlOjEwMzc0NzEwNw==,T3V0Y29tZU5vZGU6Njg4MjYwNg==,Polymarket,exchange,OVERUNDER_0.5,A_4,A_1,Over 0.5 rounds,Under 0.5 rounds,,0.5,Under 0.5,,1,-3233,-4900,-2400,-4900,2026-09-25T10:39:12.786057+00:00,2026-09-23T22:04:47.202757+00:00,46.81,O,0,partial
2026-09-27T09:27:55.841877+00:00,9106,2026-09-29,Dana White's Contender Series: Contender Series 2026: Week 8,dwcs,ian-escuza-vs-luca-borando-79907,T2ZmZXJOb2RlOjEwMzc0NzEwNQ==,T3V0Y29tZU5vZGU6Njg4MjYwMQ==,Polymarket,exchange,KO,A_5,A_13,wins by TKO/KO,doesn't win by TKO/KO,,2.0,Will Ian Escuza win by KO or TKO? - Yes,ian-escuza-67615,0,-3233,-4900,-3233,-4900,2026-09-27T05:54:17.362344+00:00,2026-09-23T22:04:47.120536+00:00,3.56,O,0,partial
2026-09-27T09:27:55.841877+00:00,9106,2026-09-29,Dana White's Contender Series: Contender Series 2026: Week 8,dwcs,ian-escuza-vs-luca-borando-79907,T2ZmZXJOb2RlOjEwMzc0NzEwNQ==,T3V0Y29tZU5vZGU6Njg4MjYwMg==,Polymarket,exchange,KO,A_5,A_13,wins by TKO/KO,doesn't win by TKO/KO,,2.0,Will Ian Escuza win by KO or TKO? - No,ian-escuza-67615,1,-3233,-4900,-1900,-4900,2026-09-27T05:54:17.362344+00:00,2026-09-23T22:04:47.120536+00:00,3.56,O,0,partial
2026-09-27T09:27:55.841877+00:00,9106,2026-09-29,Dana White's Contender Series: Contender Series 2026: Week 8,dwcs,ian-escuza-vs-luca-borando-79907,T2ZmZXJOb2RlOjEwMzc0NzEwNA==,T3V0Y29tZU5vZGU6Njg4MjU5OQ==,Polymarket,exchange,KO,A_5,A_13,wins by TKO/KO,doesn't win by TKO/KO,,2.0,Will Luca Borando win by KO or TKO? - Yes,luca-borando-51975,0,-3233,-4900,-3233,-4900,2026-09-27T05:54:17.350686+00:00,2026-09-23T22:04:47.038978+00:00,3.56,O,0,partial
2026-09-27T09:27:55.841877+00:00,9106,2026-09-29,Dana White's Contender Series: Contender Series 2026: Week 8,dwcs,ian-escuza-vs-luca-borando-79907,T2ZmZXJOb2RlOjEwMzc0NzEwNA==,T3V0Y29tZU5vZGU6Njg4MjYwMA==,Polymarket,exchange,KO,A_5,A_13,wins by TKO/KO,doesn't win by TKO/KO,,2.0,Will Luca Borando win by KO or TKO? - No,luca-borando-51975,1,-3233,-4900,-1900,-4900,2026-09-27T05:54:17.350686+00:00,2026-09-23T22:04:47.038978+00:00,3.56,O,0,partial
2026-09-27T09:27:55.841877+00:00,9106,2026-09-29,Dana White's Contender Series: Contender Series 2026: Week 8,dwcs,ian-escuza-vs-luca-borando-79907,T2ZmZXJOb2RlOjEwMzc0NzEwMw==,T3V0Y29tZU5vZGU6Njg4MjU5Nw==,Polymarket,exchange,END_KO,A_4,A_5,"Fight ends by KO, TKO or DQ","Fight doesn't end by KO, TKO or DQ",,,Will the fight be won by KO or TKO? - Yes,,0,-3233,-4900,-2400,-4900,2026-09-26T13:44:29.664212+00:00,2026-09-23T22:04:46.915786+00:00,19.72,O,0,partial
2026-09-27T09:27:55.841877+00:00,9106,2026-09-29,Dana White's Contender Series: Contender Series 2026: Week 8,dwcs,ian-escuza-vs-luca-borando-79907,T2ZmZXJOb2RlOjEwMzc0NzEwMw==,T3V0Y29tZU5vZGU6Njg4MjU5OA==,Polymarket,exchange,END_KO,A_4,A_5,"Fight ends by KO, TKO or DQ","Fight doesn't end by KO, TKO or DQ",,,Will the fight be won by KO or TKO? - No,,1,-1150,-4900,-1150,-4900,2026-09-26T13:44:29.664212+00:00,2026-09-23T22:04:46.915786+00:00,19.72,O,0,partial
2026-09-27T09:27:55.841877+00:00,9106,2026-09-29,Dana White's Contender Series: Contender Series 2026: Week 8,dwcs,camila-reynoso-vs-aieza-bertolso-80985,T2ZmZXJOb2RlOjEwMzc1MDQzNw==,T3V0Y29tZU5vZGU6Njg4NzE2Nw==,Kalshi,exchange,DISTANCE,A_4,A_2,Fight goes the distance,Fight ends inside distance,,,Fight goes the distance - Yes,,0,-1900,-1900,-1900,-1900,2026-09-26T23:34:26.315020+00:00,2026-09-26T23:34:17.600263+00:00,9.89,O,0,partial
2026-09-27T09:27:55.841877+00:00,9106,2026-09-29,Dana White's Contender Series: Contender Series 2026: Week 8,dwcs,camila-reynoso-vs-aieza-bertolso-80985,T2ZmZXJOb2RlOjEwMzc1MDQzNw==,T3V0Y29tZU5vZGU6Njg4NzE2OA==,Kalshi,exchange,DISTANCE,A_4,A_2,Fight goes the distance,Fight ends inside distance,,,Fight goes the distance - No,,1,-567,-567,-567,-567,2026-09-26T23:34:26.315020+00:00,2026-09-26T23:34:17.600263+00:00,9.89,O,0,partial
2026-09-27T09:27:55.841877+00:00,9106,2026-09-29,Dana White's Contender Series: Contender Series 2026: Week 8,dwcs,camila-reynoso-vs-aieza-bertolso-80985,T2ZmZXJOb2RlOjEwMzc1MDQzNg==,T3V0Y29tZU5vZGU6Njg4NzE2NQ==,Kalshi,exchange,START_3,A_4,A_3,Fight starts round 3,Fight doesn't start round 3,,3.0,Fight to start round 3 - Yes,,0,-9900,-9900,-9900,-9900,2026-09-26T23:34:25.949466+00:00,2026-09-26T23:34:17.551319+00:00,9.89,O,0,partial
2026-09-27T09:27:55.841877+00:00,9106,2026-09-29,Dana White's Contender Series: Contender Series 2026: Week 8,dwcs,camila-reynoso-vs-aieza-bertolso-80985,T2ZmZXJOb2RlOjEwMzc1MDQzNg==,T3V0Y29tZU5vZGU6Njg4NzE2Ng==,Kalshi,exchange,START_3,A_4,A_3,Fight starts round 3,Fight doesn't start round 3,,3.0,Fight to start round 3 - No,,1,-133,-133,-133,-133,2026-09-26T23:34:25.949466+00:00,2026-09-26T23:34:17.551319+00:00,9.89,O,0,partial
2026-09-27T09:27:55.841877+00:00,9106,2026-09-29,Dana White's Contender Series: Contender Series 2026: Week 8,dwcs,camila-reynoso-vs-aieza-bertolso-80985,T2ZmZXJOb2RlOjEwMzc1MDQzNQ==,T3V0Y29tZU5vZGU6Njg4NzE2Mw==,Kalshi,exchange,START_2,A_4,A_3,Fight starts round 2,Fight doesn't start round 2,,2.0,Fight to start round 2 - Yes,,0,-300,-300,-300,-300,2026-09-26T23:34:25.594295+00:00,2026-09-26T23:34:17.512330+00:00,9.89,O,0,partial
2026-09-27T09:27:55.841877+00:00,9106,2026-09-29,Dana White's Contender Series: Contender Series 2026: Week 8,dwcs,camila-reynoso-vs-aieza-bertolso-80985,T2ZmZXJOb2RlOjEwMzc1MDQzNQ==,T3V0Y29tZU5vZGU6Njg4NzE2NA==,Kalshi,exchange,START_2,A_4,A_3,Fight starts round 2,Fight doesn't start round 2,,2.0,Fight to start round 2 - No,,1,-133,-133,-133,-133,2026-09-26T23:34:25.594295+00:00,2026-09-26T23:34:17.512330+00:00,9.89,O,0,partial
2026-09-27T09:27:55.841877+00:00,9106,2026-09-29,Dana White's Contender Series: Contender Series 2026: Week 8,dwcs,camila-reynoso-vs-aieza-bertolso-80985,T2ZmZXJOb2RlOjEwMzc1MDQzNA==,T3V0Y29tZU5vZGU6Njg4NzE2Mg==,Kalshi,exchange,R_3,A_5,A_14,wins in round 3,doesn't win in round 3,,3.0,Camila Reynoso to win in Round 3,camila-reynoso-70552,0,+525,+525,+525,+525,2026-09-26T23:34:25.212199+00:00,2026-09-26T23:34:17.489783+00:00,9.89,O,0,partial
2026-09-27T09:27:55.841877+00:00,9106,2026-09-29,Dana White's Contender Series: Contender Series 2026: Week 8,dwcs,camila-reynoso-vs-aieza-bertolso-80985,T2ZmZXJOb2RlOjEwMzc1MDQzMw==,T3V0Y29tZU5vZGU6Njg4NzE2MQ==,Kalshi,exchange,R_2,A_5,A_14,wins in round 2,doesn't win in round 2,,2.0,Camila Reynoso to win in Round 2,camila-reynoso-70552,0,+525,+525,+525,+525,2026-09-26T23:34:24.850659+00:00,2026-09-26T23:34:17.452289+00:00,9.89,O,0,partial
2026-09-27T09:27:55.841877+00:00,9106,2026-09-29,Dana White's Contender Series: Contender Series 2026: Week 8,dwcs,camila-reynoso-vs-aieza-bertolso-80985,T2ZmZXJOb2RlOjEwMzc1MDQzMg==,T3V0Y29tZU5vZGU6Njg4NzE2MA==,Kalshi,exchange,R_1,A_5,A_14,wins in round 1,doesn't win in round 1,,1.0,Camila Reynoso to win in Round 1,camila-reynoso-70552,0,+525,+525,+525,+525,2026-09-26T23:34:24.496329+00:00,2026-09-26T23:34:17.424189+00:00,9.89,O,0,partial
2026-09-27T09:27:55.841877+00:00,9106,2026-09-29,Dana White's Contender Series: Contender Series 2026: Week 8,dwcs,camila-reynoso-vs-aieza-bertolso-80985,T2ZmZXJOb2RlOjEwMzc1MDQzMQ==,T3V0Y29tZU5vZGU6Njg4NzE1OQ==,Kalshi,exchange,R_3,A_5,A_14,wins in round 3,doesn't win in round 3,,3.0,Aieza Bertolso to win in Round 3,aieza-bertolso-44465,0,+525,+525,+525,+525,2026-09-26T23:34:24.139650+00:00,2026-09-26T23:34:17.389465+00:00,9.89,O,0,partial
2026-09-27T09:27:55.841877+00:00,9106,2026-09-29,Dana White's Contender Series: Contender Series 2026: Week 8,dwcs,camila-reynoso-vs-aieza-bertolso-80985,T2ZmZXJOb2RlOjEwMzc1MDQzMA==,T3V0Y29tZU5vZGU6Njg4NzE1OA==,Kalshi,exchange,R_2,A_5,A_14,wins in round 2,doesn't win in round 2,,2.0,Aieza Bertolso to win in Round 2,aieza-bertolso-44465,0,+525,+525,+525,+525,2026-09-26T23:34:23.751041+00:00,2026-09-26T23:34:17.372175+00:00,9.89,O,0,partial
2026-09-27T09:27:55.841877+00:00,9106,2026-09-29,Dana White's Contender Series: Contender Series 2026: Week 8,dwcs,camila-reynoso-vs-aieza-bertolso-80985,T2ZmZXJOb2RlOjEwMzc1MDQyOQ==,T3V0Y29tZU5vZGU6Njg4NzE1Nw==,Kalshi,exchange,R_1,A_5,A_14,wins in round 1,doesn't win in round 1,,1.0,Aieza Bertolso to win in Round 1,aieza-bertolso-44465,0,+525,+525,+525,+525,2026-09-26T23:34:23.367453+00:00,2026-09-26T23:34:17.361203+00:00,9.89,O,0,partial
2026-09-27T09:27:55.841877+00:00,9106,2026-09-29,Dana White's Contender Series: Contender Series 2026: Week 8,dwcs,camila-reynoso-vs-aieza-bertolso-80985,T2ZmZXJOb2RlOjEwMzc1MDQyOA==,T3V0Y29tZU5vZGU6Njg4NzE1Ng==,Kalshi,exchange,,,,,,,,Decision,,0,-186,-186,-186,-186,2026-09-26T23:34:22.981078+00:00,2026-09-26T23:34:17.333694+00:00,9.89,O,0,partial
2026-09-27T09:27:55.841877+00:00,9106,2026-09-29,Dana White's Contender Series: Contender Series 2026: Week 8,dwcs,camila-reynoso-vs-aieza-bertolso-80985,T2ZmZXJOb2RlOjEwMzc1MDQyNw==,T3V0Y29tZU5vZGU6Njg4NzE1NQ==,Kalshi,exchange,END_SUB,A_4,A_5,Fight ends in submission,Fight doesn't end in submission,,,Submission,,0,-186,-186,-186,-186,2026-09-26T23:34:22.615272+00:00,2026-09-26T23:34:17.306168+00:00,9.89,O,0,partial
2026-09-27T09:27:55.841877+00:00,9106,2026-09-29,Dana White's Contender Series: Contender Series 2026: Week 8,dwcs,camila-reynoso-vs-aieza-bertolso-80985,T2ZmZXJOb2RlOjEwMzc1MDQyNg==,T3V0Y29tZU5vZGU6Njg4NzE1NA==,Kalshi,exchange,END_KO,A_4,A_5,"Fight ends by KO, TKO or DQ","Fight doesn't end by KO, TKO or DQ",,,KO/TKO/DQ,,0,-186,-186,-186,-186,2026-09-26T23:34:22.248389+00:00,2026-09-26T23:34:17.289297+00:00,9.89,O,0,partial
2026-09-27T09:27:55.841877+00:00,9106,2026-09-29,Dana White's Contender Series: Contender Series 2026: Week 8,dwcs,camila-reynoso-vs-aieza-bertolso-80985,T2ZmZXJOb2RlOjEwMzc1MDQyNQ==,T3V0Y29tZU5vZGU6Njg4NzE1Mw==,Kalshi,exchange,DEC,A_5,A_13,wins by decision,doesn't win by decision,,1.0,Camila Reynoso by Decision,camila-reynoso-70552,0,+100,+100,+100,+100,2026-09-26T23:34:21.893542+00:00,2026-09-26T23:34:17.265561+00:00,9.89,O,0,partial
2026-09-27T09:27:55.841877+00:00,9106,2026-09-29,Dana White's Contender Series: Contender Series 2026: Week 8,dwcs,camila-reynoso-vs-aieza-bertolso-80985,T2ZmZXJOb2RlOjEwMzc1MDQyNA==,T3V0Y29tZU5vZGU6Njg4NzE1Mg==,Kalshi,exchange,SUB,A_5,A_13,wins by submission,doesn't win by submission,,3.0,Camila Reynoso by Submission,camila-reynoso-70552,0,+100,+100,+100,+100,2026-09-26T23:34:21.517853+00:00,2026-09-26T23:34:17.248703+00:00,9.89,O,0,partial
2026-09-27T09:27:55.841877+00:00,9106,2026-09-29,Dana White's Contender Series: Contender Series 2026: Week 8,dwcs,camila-reynoso-vs-aieza-bertolso-80985,T2ZmZXJOb2RlOjEwMzc1MDQyMw==,T3V0Y29tZU5vZGU6Njg4NzE1MQ==,Kalshi,exchange,KO,A_5,A_13,wins by TKO/KO,doesn't win by TKO/KO,,2.0,Camila Reynoso by KO/TKO/DQ,camila-reynoso-70552,0,+100,+100,+100,+100,2026-09-26T23:34:21.117596+00:00,2026-09-26T23:34:17.218926+00:00,9.89,O,0,partial
2026-09-27T09:27:55.841877+00:00,9106,2026-09-29,Dana White's Contender Series: Contender Series 2026: Week 8,dwcs,camila-reynoso-vs-aieza-bertolso-80985,T2ZmZXJOb2RlOjEwMzc1MDQyMg==,T3V0Y29tZU5vZGU6Njg4NzE1MA==,Kalshi,exchange,DEC,A_5,A_13,wins by decision,doesn't win by decision,,1.0,Aieza Bertolso by Decision,aieza-bertolso-44465,0,+100,+100,+104,+100,2026-09-27T08:04:11.075279+00:00,2026-09-26T23:34:17.192060+00:00,1.4,O,0,partial
2026-09-27T09:27:55.841877+00:00,9106,2026-09-29,Dana White's Contender Series: Contender Series 2026: Week 8,dwcs,camila-reynoso-vs-aieza-bertolso-80985,T2ZmZXJOb2RlOjEwMzc1MDQyMQ==,T3V0Y29tZU5vZGU6Njg4NzE0OQ==,Kalshi,exchange,SUB,A_5,A_13,wins by submission,doesn't win by submission,,3.0,Aieza Bertolso by Submission,aieza-bertolso-44465,0,+104,+100,+104,+100,2026-09-27T08:09:20.817120+00:00,2026-09-26T23:34:17.158539+00:00,1.31,O,0,partial
2026-09-27T09:27:55.841877+00:00,9106,2026-09-29,Dana White's Contender Series: Contender Series 2026: Week 8,dwcs,camila-reynoso-vs-aieza-bertolso-80985,T2ZmZXJOb2RlOjEwMzc1MDQyMA==,T3V0Y29tZU5vZGU6Njg4NzE0OA==,Kalshi,exchange,KO,A_5,A_13,wins by TKO/KO,doesn't win by TKO/KO,,2.0,Aieza Bertolso by KO/TKO/DQ,aieza-bertolso-44465,0,+100,+100,+104,+100,2026-09-27T04:04:25.058736+00:00,2026-09-26T23:34:17.145589+00:00,5.39,O,0,partial
2026-09-27T09:27:55.841877+00:00,9106,2026-09-29,Dana White's Contender Series: Contender Series 2026: Week 8,dwcs,camila-reynoso-vs-aieza-bertolso-80985,T2ZmZXJOb2RlOjEwMzc0NzExNA==,T3V0Y29tZU5vZGU6Njg4MjYxOQ==,Polymarket,exchange,KO,A_5,A_13,wins by TKO/KO,doesn't win by TKO/KO,,2.0,Will Aieza Bertolso win by KO or TKO? - Yes,aieza-bertolso-44465,0,-3233,-4900,-3233,-4900,2026-09-27T09:19:50.072703+00:00,2026-09-23T22:04:47.522557+00:00,0.13,O,0,partial
2026-09-27T09:27:55.841877+00:00,9106,2026-09-29,Dana White's Contender Series: Contender Series 2026: Week 8,dwcs,camila-reynoso-vs-aieza-bertolso-80985,T2ZmZXJOb2RlOjEwMzc0NzExNA==,T3V0Y29tZU5vZGU6Njg4MjYyMA==,Polymarket,exchange,KO,A_5,A_13,wins by TKO/KO,doesn't win by TKO/KO,,2.0,Will Aieza Bertolso win by KO or TKO? - No,aieza-bertolso-44465,1,-2400,-4900,-2400,-4900,2026-09-27T09:19:50.072703+00:00,2026-09-23T22:04:47.522557+00:00,0.13,O,0,partial
2026-09-27T09:27:55.841877+00:00,9106,2026-09-29,Dana White's Contender Series: Contender Series 2026: Week 8,dwcs,camila-reynoso-vs-aieza-bertolso-80985,T2ZmZXJOb2RlOjEwMzc0NzExNw==,T3V0Y29tZU5vZGU6Njg4MjYyNQ==,Polymarket,exchange,OVERUNDER_1.5,A_4,A_1,Over 1.5 rounds,Under 1.5 rounds,,1.5,Over 1.5,,0,-3233,-9900,-3233,-9900,2026-09-26T18:09:12.438853+00:00,2026-09-23T22:04:47.576785+00:00,15.31,O,0,partial
2026-09-27T09:27:55.841877+00:00,9106,2026-09-29,Dana White's Contender Series: Contender Series 2026: Week 8,dwcs,camila-reynoso-vs-aieza-bertolso-80985,T2ZmZXJOb2RlOjEwMzc0NzExNw==,T3V0Y29tZU5vZGU6Njg4MjYyNg==,Polymarket,exchange,OVERUNDER_1.5,A_4,A_1,Over 1.5 rounds,Under 1.5 rounds,,1.5,Under 1.5,,1,-3233,-9900,-2400,-9900,2026-09-26T18:09:12.438853+00:00,2026-09-23T22:04:47.576785+00:00,15.31,O,0,partial
2026-09-27T09:27:55.841877+00:00,9106,2026-09-29,Dana White's Contender Series: Contender Series 2026: Week 8,dwcs,camila-reynoso-vs-aieza-bertolso-80985,T2ZmZXJOb2RlOjEwMzc0NzExNg==,T3V0Y29tZU5vZGU6Njg4MjYyMw==,Polymarket,exchange,OVERUNDER_0.5,A_4,A_1,Over 0.5 rounds,Under 0.5 rounds,,0.5,Over 0.5,,0,-3233,-4900,-2400,-4900,2026-09-27T05:54:17.474826+00:00,2026-09-23T22:04:47.559749+00:00,3.56,O,0,partial
2026-09-27T09:27:55.841877+00:00,9106,2026-09-29,Dana White's Contender Series: Contender Series 2026: Week 8,dwcs,camila-reynoso-vs-aieza-bertolso-80985,T2ZmZXJOb2RlOjEwMzc0NzExNg==,T3V0Y29tZU5vZGU6Njg4MjYyNA==,Polymarket,exchange,OVERUNDER_0.5,A_4,A_1,Over 0.5 rounds,Under 0.5 rounds,,0.5,Under 0.5,,1,-3233,-4900,-2400,-4900,2026-09-27T05:54:17.474826+00:00,2026-09-23T22:04:47.559749+00:00,3.56,O,0,partial
2026-09-27T09:27:55.841877+00:00,9106,2026-09-29,Dana White's Contender Series: Contender Series 2026: Week 8,dwcs,camila-reynoso-vs-aieza-bertolso-80985,T2ZmZXJOb2RlOjEwMzc0NzExMQ==,T3V0Y29tZU5vZGU6Njg4MjYxMw==,Polymarket,exchange,DISTANCE,A_4,A_2,Fight goes the distance,Fight ends inside distance,,,Fight to Go the Distance? - Yes,,0,-1329,-4900,-1329,-4900,2026-09-27T09:09:36.665428+00:00,2026-09-23T22:04:47.320276+00:00,0.31,O,0,partial
2026-09-27T09:27:55.841877+00:00,9106,2026-09-29,Dana White's Contender Series: Contender Series 2026: Week 8,dwcs,camila-reynoso-vs-aieza-bertolso-80985,T2ZmZXJOb2RlOjEwMzc0NzExMQ==,T3V0Y29tZU5vZGU6Njg4MjYxNA==,Polymarket,exchange,DISTANCE,A_4,A_2,Fight goes the distance,Fight ends inside distance,,,Fight to Go the Distance? - No,,1,-1900,-9900,-1150,-9900,2026-09-27T09:09:36.665428+00:00,2026-09-23T22:04:47.320276+00:00,0.31,O,0,partial
2026-09-27T09:27:55.841877+00:00,9106,2026-09-29,Dana White's Contender Series: Contender Series 2026: Week 8,dwcs,camila-reynoso-vs-aieza-bertolso-80985,T2ZmZXJOb2RlOjEwMzc0NzExOA==,T3V0Y29tZU5vZGU6Njg4MjYyNw==,Polymarket,exchange,OVERUNDER_2.5,A_4,A_1,Over 2.5 rounds,Under 2.5 rounds,,2.5,Over 2.5,,0,-3233,-9900,-2400,-9900,2026-09-26T07:09:17.303741+00:00,2026-09-23T22:04:47.592805+00:00,26.31,O,0,partial
2026-09-27T09:27:55.841877+00:00,9106,2026-09-29,Dana White's Contender Series: Contender Series 2026: Week 8,dwcs,camila-reynoso-vs-aieza-bertolso-80985,T2ZmZXJOb2RlOjEwMzc0NzExOA==,T3V0Y29tZU5vZGU6Njg4MjYyOA==,Polymarket,exchange,OVERUNDER_2.5,A_4,A_1,Over 2.5 rounds,Under 2.5 rounds,,2.5,Under 2.5,,1,-3233,-9900,-2400,-9900,2026-09-26T07:09:17.303741+00:00,2026-09-23T22:04:47.592805+00:00,26.31,O,0,partial
2026-09-27T09:27:55.841877+00:00,9106,2026-09-29,Dana White's Contender Series: Contender Series 2026: Week 8,dwcs,camila-reynoso-vs-aieza-bertolso-80985,T2ZmZXJOb2RlOjEwMzc0NzExNQ==,T3V0Y29tZU5vZGU6Njg4MjYyMQ==,Polymarket,exchange,END_SUB,A_4,A_5,Fight ends in submission,Fight doesn't end in submission,,,Will the fight be won by submission? - Yes,,0,-1900,-4900,-1329,-4900,2026-09-27T08:54:35.773547+00:00,2026-09-23T22:04:47.542770+00:00,0.56,O,0,partial
2026-09-27T09:27:55.841877+00:00,9106,2026-09-29,Dana White's Contender Series: Contender Series 2026: Week 8,dwcs,camila-reynoso-vs-aieza-bertolso-80985,T2ZmZXJOb2RlOjEwMzc0NzExNQ==,T3V0Y29tZU5vZGU6Njg4MjYyMg==,Polymarket,exchange,END_SUB,A_4,A_5,Fight ends in submission,Fight doesn't end in submission,,,Will the fight be won by submission? - No,,1,-3233,-4900,-3233,-4900,2026-09-27T08:54:35.773547+00:00,2026-09-23T22:04:47.542770+00:00,0.56,O,0,partial
2026-09-27T09:27:55.841877+00:00,9106,2026-09-29,Dana White's Contender Series: Contender Series 2026: Week 8,dwcs,camila-reynoso-vs-aieza-bertolso-80985,T2ZmZXJOb2RlOjEwMzc0NzExMw==,T3V0Y29tZU5vZGU6Njg4MjYxNw==,Polymarket,exchange,KO,A_5,A_13,wins by TKO/KO,doesn't win by TKO/KO,,2.0,Will Camila Reynoso win by KO or TKO? - Yes,camila-reynoso-70552,0,-3233,-4900,-3233,-4900,2026-09-27T05:54:17.451732+00:00,2026-09-23T22:04:47.454488+00:00,3.56,O,0,partial
2026-09-27T09:27:55.841877+00:00,9106,2026-09-29,Dana White's Contender Series: Contender Series 2026: Week 8,dwcs,camila-reynoso-vs-aieza-bertolso-80985,T2ZmZXJOb2RlOjEwMzc0NzExMw==,T3V0Y29tZU5vZGU6Njg4MjYxOA==,Polymarket,exchange,KO,A_5,A_13,wins by TKO/KO,doesn't win by TKO/KO,,2.0,Will Camila Reynoso win by KO or TKO? - No,camila-reynoso-70552,1,-3233,-4900,-2400,-4900,2026-09-27T05:54:17.451732+00:00,2026-09-23T22:04:47.454488+00:00,3.56,O,0,partial
2026-09-27T09:27:55.841877+00:00,9106,2026-09-29,Dana White's Contender Series: Contender Series 2026: Week 8,dwcs,camila-reynoso-vs-aieza-bertolso-80985,T2ZmZXJOb2RlOjEwMzc0NzExMg==,T3V0Y29tZU5vZGU6Njg4MjYxNQ==,Polymarket,exchange,END_KO,A_4,A_5,"Fight ends by KO, TKO or DQ","Fight doesn't end by KO, TKO or DQ",,,Will the fight be won by KO or TKO? - Yes,,0,-3233,-4900,-3233,-4900,2026-09-26T17:45:15.363138+00:00,2026-09-23T22:04:47.375801+00:00,15.71,O,0,partial
2026-09-27T09:27:55.841877+00:00,9106,2026-09-29,Dana White's Contender Series: Contender Series 2026: Week 8,dwcs,camila-reynoso-vs-aieza-bertolso-80985,T2ZmZXJOb2RlOjEwMzc0NzExMg==,T3V0Y29tZU5vZGU6Njg4MjYxNg==,Polymarket,exchange,END_KO,A_4,A_5,"Fight ends by KO, TKO or DQ","Fight doesn't end by KO, TKO or DQ",,,Will the fight be won by KO or TKO? - No,,1,-3233,-4900,-3233,-4900,2026-09-26T17:45:15.363138+00:00,2026-09-23T22:04:47.375801+00:00,15.71,O,0,partial
2026-09-27T09:27:55.841877+00:00,9106,2026-09-29,Dana White's Contender Series: Contender Series 2026: Week 8,dwcs,ilias-bulaid-vs-erick-viscondi-80583,T2ZmZXJOb2RlOjEwMzc1MDQwNw==,T3V0Y29tZU5vZGU6Njg4NzEyOQ==,Kalshi,exchange,DISTANCE,A_4,A_2,Fight goes the distance,Fight ends inside distance,,,Fight goes the distance - Yes,,0,-1900,-1900,-1900,-1900,2026-09-26T23:14:44.825893+00:00,2026-09-26T23:14:33.311597+00:00,10.22,O,0,partial
2026-09-27T09:27:55.841877+00:00,9106,2026-09-29,Dana White's Contender Series: Contender Series 2026: Week 8,dwcs,ilias-bulaid-vs-erick-viscondi-80583,T2ZmZXJOb2RlOjEwMzc1MDQwNw==,T3V0Y29tZU5vZGU6Njg4NzEzMA==,Kalshi,exchange,DISTANCE,A_4,A_2,Fight goes the distance,Fight ends inside distance,,,Fight goes the distance - No,,1,-567,-567,-567,-567,2026-09-26T23:14:44.825893+00:00,2026-09-26T23:14:33.311597+00:00,10.22,O,0,partial
2026-09-27T09:27:55.841877+00:00,9106,2026-09-29,Dana White's Contender Series: Contender Series 2026: Week 8,dwcs,ilias-bulaid-vs-erick-viscondi-80583,T2ZmZXJOb2RlOjEwMzc1MDQwNg==,T3V0Y29tZU5vZGU6Njg4NzEyNw==,Kalshi,exchange,START_3,A_4,A_3,Fight starts round 3,Fight doesn't start round 3,,3.0,Fight to start round 3 - Yes,,0,-9900,-9900,-9900,-9900,2026-09-26T23:14:44.166148+00:00,2026-09-26T23:14:33.292205+00:00,10.22,O,0,partial
2026-09-27T09:27:55.841877+00:00,9106,2026-09-29,Dana White's Contender Series: Contender Series 2026: Week 8,dwcs,ilias-bulaid-vs-erick-viscondi-80583,T2ZmZXJOb2RlOjEwMzc1MDQwNg==,T3V0Y29tZU5vZGU6Njg4NzEyOA==,Kalshi,exchange,START_3,A_4,A_3,Fight starts round 3,Fight doesn't start round 3,,3.0,Fight to start round 3 - No,,1,-133,-133,-133,-133,2026-09-26T23:14:44.166148+00:00,2026-09-26T23:14:33.292205+00:00,10.22,O,0,partial
2026-09-27T09:27:55.841877+00:00,9106,2026-09-29,Dana White's Contender Series: Contender Series 2026: Week 8,dwcs,ilias-bulaid-vs-erick-viscondi-80583,T2ZmZXJOb2RlOjEwMzc1MDQwNQ==,T3V0Y29tZU5vZGU6Njg4NzEyNQ==,Kalshi,exchange,START_2,A_4,A_3,Fight starts round 2,Fight doesn't start round 2,,2.0,Fight to start round 2 - Yes,,0,-9900,-9900,-9900,-9900,2026-09-26T23:14:43.673299+00:00,2026-09-26T23:14:33.270305+00:00,10.22,O,0,partial
2026-09-27T09:27:55.841877+00:00,9106,2026-09-29,Dana White's Contender Series: Contender Series 2026: Week 8,dwcs,ilias-bulaid-vs-erick-viscondi-80583,T2ZmZXJOb2RlOjEwMzc1MDQwNQ==,T3V0Y29tZU5vZGU6Njg4NzEyNg==,Kalshi,exchange,START_2,A_4,A_3,Fight starts round 2,Fight doesn't start round 2,,2.0,Fight to start round 2 - No,,1,-133,-133,-133,-133,2026-09-26T23:14:43.673299+00:00,2026-09-26T23:14:33.270305+00:00,10.22,O,0,partial
2026-09-27T09:27:55.841877+00:00,9106,2026-09-29,Dana White's Contender Series: Contender Series 2026: Week 8,dwcs,ilias-bulaid-vs-erick-viscondi-80583,T2ZmZXJOb2RlOjEwMzc1MDQwNA==,T3V0Y29tZU5vZGU6Njg4NzEyNA==,Kalshi,exchange,R_3,A_5,A_14,wins in round 3,doesn't win in round 3,,3.0,Erick Visconde to win in Round 3,erick-viscondi-25278,0,+525,+525,+525,+525,2026-09-26T23:14:43.194111+00:00,2026-09-26T23:14:33.255095+00:00,10.22,O,0,partial
2026-09-27T09:27:55.841877+00:00,9106,2026-09-29,Dana White's Contender Series: Contender Series 2026: Week 8,dwcs,ilias-bulaid-vs-erick-viscondi-80583,T2ZmZXJOb2RlOjEwMzc1MDQwMw==,T3V0Y29tZU5vZGU6Njg4NzEyMw==,Kalshi,exchange,R_2,A_5,A_14,wins in round 2,doesn't win in round 2,,2.0,Erick Visconde to win in Round 2,erick-viscondi-25278,0,+525,+525,+525,+525,2026-09-26T23:14:42.652656+00:00,2026-09-26T23:14:33.243064+00:00,10.22,O,0,partial
2026-09-27T09:27:55.841877+00:00,9106,2026-09-29,Dana White's Contender Series: Contender Series 2026: Week 8,dwcs,ilias-bulaid-vs-erick-viscondi-80583,T2ZmZXJOb2RlOjEwMzc1MDQwMg==,T3V0Y29tZU5vZGU6Njg4NzEyMg==,Kalshi,exchange,R_1,A_5,A_14,wins in round 1,doesn't win in round 1,,1.0,Erick Visconde to win in Round 1,erick-viscondi-25278,0,+525,+525,+525,+525,2026-09-26T23:14:42.093690+00:00,2026-09-26T23:14:33.227055+00:00,10.22,O,0,partial
2026-09-27T09:27:55.841877+00:00,9106,2026-09-29,Dana White's Contender Series: Contender Series 2026: Week 8,dwcs,ilias-bulaid-vs-erick-viscondi-80583,T2ZmZXJOb2RlOjEwMzc1MDQwMQ==,T3V0Y29tZU5vZGU6Njg4NzEyMQ==,Kalshi,exchange,R_3,A_5,A_14,wins in round 3,doesn't win in round 3,,3.0,Ilias Bulaid to win in Round 3,ilias-bulaid-32992,0,+525,+525,+525,+525,2026-09-26T23:14:41.597079+00:00,2026-09-26T23:14:33.220789+00:00,10.22,O,0,partial
2026-09-27T09:27:55.841877+00:00,9106,2026-09-29,Dana White's Contender Series: Contender Series 2026: Week 8,dwcs,ilias-bulaid-vs-erick-viscondi-80583,T2ZmZXJOb2RlOjEwMzc1MDQwMA==,T3V0Y29tZU5vZGU6Njg4NzEyMA==,Kalshi,exchange,R_2,A_5,A_14,wins in round 2,doesn't win in round 2,,2.0,Ilias Bulaid to win in Round 2,ilias-bulaid-32992,0,+525,+525,+525,+525,2026-09-26T23:14:41.022651+00:00,2026-09-26T23:14:33.208914+00:00,10.22,O,0,partial
2026-09-27T09:27:55.841877+00:00,9106,2026-09-29,Dana White's Contender Series: Contender Series 2026: Week 8,dwcs,ilias-bulaid-vs-erick-viscondi-80583,T2ZmZXJOb2RlOjEwMzc1MDM5OQ==,T3V0Y29tZU5vZGU6Njg4NzExOQ==,Kalshi,exchange,R_1,A_5,A_14,wins in round 1,doesn't win in round 1,,1.0,Ilias Bulaid to win in Round 1,ilias-bulaid-32992,0,+525,+525,+525,+525,2026-09-26T23:14:40.357414+00:00,2026-09-26T23:14:33.190023+00:00,10.22,O,0,partial
2026-09-27T09:27:55.841877+00:00,9106,2026-09-29,Dana White's Contender Series: Contender Series 2026: Week 8,dwcs,ilias-bulaid-vs-erick-viscondi-80583,T2ZmZXJOb2RlOjEwMzc1MDM5OA==,T3V0Y29tZU5vZGU6Njg4NzExOA==,Kalshi,exchange,,,,,,,,Decision,,0,-186,-186,-186,-186,2026-09-26T23:14:39.915190+00:00,2026-09-26T23:14:33.172733+00:00,10.22,O,0,partial
2026-09-27T09:27:55.841877+00:00,9106,2026-09-29,Dana White's Contender Series: Contender Series 2026: Week 8,dwcs,ilias-bulaid-vs-erick-viscondi-80583,T2ZmZXJOb2RlOjEwMzc1MDM5Nw==,T3V0Y29tZU5vZGU6Njg4NzExNw==,Kalshi,exchange,END_SUB,A_4,A_5,Fight ends in submission,Fight doesn't end in submission,,,Submission,,0,-186,-186,-186,-186,2026-09-26T23:14:39.447479+00:00,2026-09-26T23:14:33.153231+00:00,10.22,O,0,partial
2026-09-27T09:27:55.841877+00:00,9106,2026-09-29,Dana White's Contender Series: Contender Series 2026: Week 8,dwcs,ilias-bulaid-vs-erick-viscondi-80583,T2ZmZXJOb2RlOjEwMzc1MDM5Ng==,T3V0Y29tZU5vZGU6Njg4NzExNg==,Kalshi,exchange,END_KO,A_4,A_5,"Fight ends by KO, TKO or DQ","Fight doesn't end by KO, TKO or DQ",,,KO/TKO/DQ,,0,-186,-186,-186,-186,2026-09-26T23:14:38.976401+00:00,2026-09-26T23:14:33.139854+00:00,10.22,O,0,partial
2026-09-27T09:27:55.841877+00:00,9106,2026-09-29,Dana White's Contender Series: Contender Series 2026: Week 8,dwcs,ilias-bulaid-vs-erick-viscondi-80583,T2ZmZXJOb2RlOjEwMzc1MDM5NQ==,T3V0Y29tZU5vZGU6Njg4NzExNQ==,Kalshi,exchange,DEC,A_5,A_13,wins by decision,doesn't win by decision,,1.0,Erick Visconde by Decision,erick-viscondi-25278,0,+100,+100,+100,+100,2026-09-26T23:14:38.446315+00:00,2026-09-26T23:14:33.128145+00:00,10.22,O,0,partial
2026-09-27T09:27:55.841877+00:00,9106,2026-09-29,Dana White's Contender Series: Contender Series 2026: Week 8,dwcs,ilias-bulaid-vs-erick-viscondi-80583,T2ZmZXJOb2RlOjEwMzc1MDM5NA==,T3V0Y29tZU5vZGU6Njg4NzExNA==,Kalshi,exchange,SUB,A_5,A_13,wins by submission,doesn't win by submission,,3.0,Erick Visconde by Submission,erick-viscondi-25278,0,+100,+100,+100,+100,2026-09-26T23:14:37.884332+00:00,2026-09-26T23:14:33.116127+00:00,10.22,O,0,partial
2026-09-27T09:27:55.841877+00:00,9106,2026-09-29,Dana White's Contender Series: Contender Series 2026: Week 8,dwcs,ilias-bulaid-vs-erick-viscondi-80583,T2ZmZXJOb2RlOjEwMzc1MDM5Mw==,T3V0Y29tZU5vZGU6Njg4NzExMw==,Kalshi,exchange,KO,A_5,A_13,wins by TKO/KO,doesn't win by TKO/KO,,2.0,Erick Visconde by KO/TKO/DQ,erick-viscondi-25278,0,+100,+100,+127,+100,2026-09-27T07:14:25.496640+00:00,2026-09-26T23:14:33.097400+00:00,2.23,O,0,partial
2026-09-27T09:27:55.841877+00:00,9106,2026-09-29,Dana White's Contender Series: Contender Series 2026: Week 8,dwcs,ilias-bulaid-vs-erick-viscondi-80583,T2ZmZXJOb2RlOjEwMzc1MDM5Mg==,T3V0Y29tZU5vZGU6Njg4NzExMg==,Kalshi,exchange,DEC,A_5,A_13,wins by decision,doesn't win by decision,,1.0,Ilias Bulaid by Decision,ilias-bulaid-32992,0,+100,+100,+100,+100,2026-09-26T23:14:36.768974+00:00,2026-09-26T23:14:33.084416+00:00,10.22,O,0,partial
2026-09-27T09:27:55.841877+00:00,9106,2026-09-29,Dana White's Contender Series: Contender Series 2026: Week 8,dwcs,ilias-bulaid-vs-erick-viscondi-80583,T2ZmZXJOb2RlOjEwMzc1MDM5MQ==,T3V0Y29tZU5vZGU6Njg4NzExMQ==,Kalshi,exchange,SUB,A_5,A_13,wins by submission,doesn't win by submission,,3.0,Ilias Bulaid by Submission,ilias-bulaid-32992,0,+100,+100,+100,+100,2026-09-26T23:14:36.293717+00:00,2026-09-26T23:14:33.066902+00:00,10.22,O,0,partial
2026-09-27T09:27:55.841877+00:00,9106,2026-09-29,Dana White's Contender Series: Contender Series 2026: Week 8,dwcs,ilias-bulaid-vs-erick-viscondi-80583,T2ZmZXJOb2RlOjEwMzc1MDM5MA==,T3V0Y29tZU5vZGU6Njg4NzExMA==,Kalshi,exchange,KO,A_5,A_13,wins by TKO/KO,doesn't win by TKO/KO,,2.0,Ilias Bulaid by KO/TKO/DQ,ilias-bulaid-32992,0,+100,+100,+100,+100,2026-09-26T23:14:35.588608+00:00,2026-09-26T23:14:33.052320+00:00,10.22,O,0,partial
2026-09-27T09:27:55.841877+00:00,9106,2026-09-29,Dana White's Contender Series: Contender Series 2026: Week 8,dwcs,ilias-bulaid-vs-erick-viscondi-80583,T2ZmZXJOb2RlOjEwMzc0NzEyNA==,T3V0Y29tZU5vZGU6Njg4MjYzOQ==,Polymarket,exchange,OVERUNDER_0.5,A_4,A_1,Over 0.5 rounds,Under 0.5 rounds,,0.5,Over 0.5,,0,-3233,-4900,-2400,-4900,2026-09-25T10:14:21.028709+00:00,2026-09-23T22:04:47.763769+00:00,47.23,O,0,partial
2026-09-27T09:27:55.841877+00:00,9106,2026-09-29,Dana White's Contender Series: Contender Series 2026: Week 8,dwcs,ilias-bulaid-vs-erick-viscondi-80583,T2ZmZXJOb2RlOjEwMzc0NzEyNA==,T3V0Y29tZU5vZGU6Njg4MjY0MA==,Polymarket,exchange,OVERUNDER_0.5,A_4,A_1,Over 0.5 rounds,Under 0.5 rounds,,0.5,Under 0.5,,1,-3233,-4900,-2400,-4900,2026-09-25T10:14:21.028709+00:00,2026-09-23T22:04:47.763769+00:00,47.23,O,0,partial
2026-09-27T09:27:55.841877+00:00,9106,2026-09-29,Dana White's Contender Series: Contender Series 2026: Week 8,dwcs,ilias-bulaid-vs-erick-viscondi-80583,T2ZmZXJOb2RlOjEwMzc0NzEyMw==,T3V0Y29tZU5vZGU6Njg4MjYzNw==,Polymarket,exchange,END_SUB,A_4,A_5,Fight ends in submission,Fight doesn't end in submission,,,Will the fight be won by submission? - Yes,,0,-1567,-4900,-1011,-4900,2026-09-27T09:04:21.243974+00:00,2026-09-23T22:04:47.720614+00:00,0.39,O,0,partial
2026-09-27T09:27:55.841877+00:00,9106,2026-09-29,Dana White's Contender Series: Contender Series 2026: Week 8,dwcs,ilias-bulaid-vs-erick-viscondi-80583,T2ZmZXJOb2RlOjEwMzc0NzEyMw==,T3V0Y29tZU5vZGU6Njg4MjYzOA==,Polymarket,exchange,END_SUB,A_4,A_5,Fight ends in submission,Fight doesn't end in submission,,,Will the fight be won by submission? - No,,1,-3233,-4900,-2400,-4900,2026-09-27T09:04:21.243974+00:00,2026-09-23T22:04:47.720614+00:00,0.39,O,0,partial
2026-09-27T09:27:55.841877+00:00,9106,2026-09-29,Dana White's Contender Series: Contender Series 2026: Week 8,dwcs,ilias-bulaid-vs-erick-viscondi-80583,T2ZmZXJOb2RlOjEwMzc0NzEyNg==,T3V0Y29tZU5vZGU6Njg4MjY0Mw==,Polymarket,exchange,OVERUNDER_2.5,A_4,A_1,Over 2.5 rounds,Under 2.5 rounds,,2.5,Over 2.5,,0,-3233,-9900,-2400,-9900,2026-09-27T00:54:22.927306+00:00,2026-09-23T22:04:47.849814+00:00,8.56,O,0,partial
2026-09-27T09:27:55.841877+00:00,9106,2026-09-29,Dana White's Contender Series: Contender Series 2026: Week 8,dwcs,ilias-bulaid-vs-erick-viscondi-80583,T2ZmZXJOb2RlOjEwMzc0NzEyNg==,T3V0Y29tZU5vZGU6Njg4MjY0NA==,Polymarket,exchange,OVERUNDER_2.5,A_4,A_1,Over 2.5 rounds,Under 2.5 rounds,,2.5,Under 2.5,,1,-3233,-9900,-2400,-9900,2026-09-27T00:54:22.927306+00:00,2026-09-23T22:04:47.849814+00:00,8.56,O,0,partial
2026-09-27T09:27:55.841877+00:00,9106,2026-09-29,Dana White's Contender Series: Contender Series 2026: Week 8,dwcs,ilias-bulaid-vs-erick-viscondi-80583,T2ZmZXJOb2RlOjEwMzc0NzEyNQ==,T3V0Y29tZU5vZGU6Njg4MjY0MQ==,Polymarket,exchange,OVERUNDER_1.5,A_4,A_1,Over 1.5 rounds,Under 1.5 rounds,,1.5,Over 1.5,,0,-3233,-9900,-2400,-9900,2026-09-25T08:29:20.041947+00:00,2026-09-23T22:04:47.811480+00:00,48.98,O,0,partial
2026-09-27T09:27:55.841877+00:00,9106,2026-09-29,Dana White's Contender Series: Contender Series 2026: Week 8,dwcs,ilias-bulaid-vs-erick-viscondi-80583,T2ZmZXJOb2RlOjEwMzc0NzEyNQ==,T3V0Y29tZU5vZGU6Njg4MjY0Mg==,Polymarket,exchange,OVERUNDER_1.5,A_4,A_1,Over 1.5 rounds,Under 1.5 rounds,,1.5,Under 1.5,,1,-3233,-9900,-2400,-9900,2026-09-25T08:29:20.041947+00:00,2026-09-23T22:04:47.811480+00:00,48.98,O,0,partial
2026-09-27T09:27:55.841877+00:00,9106,2026-09-29,Dana White's Contender Series: Contender Series 2026: Week 8,dwcs,ilias-bulaid-vs-erick-viscondi-80583,T2ZmZXJOb2RlOjEwMzc0NzE2Mg==,T3V0Y29tZU5vZGU6Njg4MjY4OA==,Polymarket,exchange,KO,A_5,A_13,wins by TKO/KO,doesn't win by TKO/KO,,2.0,Will Ilias Bulaid win by KO or TKO? - Yes,ilias-bulaid-32992,0,-3233,-4900,-2400,-4900,2026-09-25T10:39:12.888814+00:00,2026-09-23T22:14:47.995654+00:00,46.81,O,0,partial
2026-09-27T09:27:55.841877+00:00,9106,2026-09-29,Dana White's Contender Series: Contender Series 2026: Week 8,dwcs,ilias-bulaid-vs-erick-viscondi-80583,T2ZmZXJOb2RlOjEwMzc0NzE2Mg==,T3V0Y29tZU5vZGU6Njg4MjY4OQ==,Polymarket,exchange,KO,A_5,A_13,wins by TKO/KO,doesn't win by TKO/KO,,2.0,Will Ilias Bulaid win by KO or TKO? - No,ilias-bulaid-32992,1,-3233,-4900,-3233,-4900,2026-09-25T10:39:12.888814+00:00,2026-09-23T22:14:47.995654+00:00,46.81,O,0,partial
2026-09-27T09:27:55.841877+00:00,9106,2026-09-29,Dana White's Contender Series: Contender Series 2026: Week 8,dwcs,ilias-bulaid-vs-erick-viscondi-80583,T2ZmZXJOb2RlOjEwMzc0NzEyMg==,T3V0Y29tZU5vZGU6Njg4MjYzNQ==,Polymarket,exchange,KO,A_5,A_13,wins by TKO/KO,doesn't win by TKO/KO,,2.0,Will Erick Visconde win by KO or TKO? - Yes,erick-viscondi-25278,0,-3233,-4900,-3233,-4900,2026-09-25T10:39:12.894985+00:00,2026-09-23T22:04:47.690143+00:00,46.81,O,0,partial
2026-09-27T09:27:55.841877+00:00,9106,2026-09-29,Dana White's Contender Series: Contender Series 2026: Week 8,dwcs,ilias-bulaid-vs-erick-viscondi-80583,T2ZmZXJOb2RlOjEwMzc0NzEyMg==,T3V0Y29tZU5vZGU6Njg4MjYzNg==,Polymarket,exchange,KO,A_5,A_13,wins by TKO/KO,doesn't win by TKO/KO,,2.0,Will Erick Visconde win by KO or TKO? - No,erick-viscondi-25278,1,-3233,-4900,-2400,-4900,2026-09-25T10:39:12.894985+00:00,2026-09-23T22:04:47.690143+00:00,46.81,O,0,partial
2026-09-27T09:27:55.841877+00:00,9106,2026-09-29,Dana White's Contender Series: Contender Series 2026: Week 8,dwcs,ilias-bulaid-vs-erick-viscondi-80583,T2ZmZXJOb2RlOjEwMzc0NzEyMQ==,T3V0Y29tZU5vZGU6Njg4MjYzMw==,Polymarket,exchange,END_KO,A_4,A_5,"Fight ends by KO, TKO or DQ","Fight doesn't end by KO, TKO or DQ",,,Will the fight be won by KO or TKO? - Yes,,0,-3233,-4900,-3233,-4900,2026-09-26T04:44:17.037618+00:00,2026-09-23T22:04:47.667420+00:00,28.73,O,0,partial
2026-09-27T09:27:55.841877+00:00,9106,2026-09-29,Dana White's Contender Series: Contender Series 2026: Week 8,dwcs,ilias-bulaid-vs-erick-viscondi-80583,T2ZmZXJOb2RlOjEwMzc0NzEyMQ==,T3V0Y29tZU5vZGU6Njg4MjYzNA==,Polymarket,exchange,END_KO,A_4,A_5,"Fight ends by KO, TKO or DQ","Fight doesn't end by KO, TKO or DQ",,,Will the fight be won by KO or TKO? - No,,1,-1900,-4900,-1900,-4900,2026-09-26T04:44:17.037618+00:00,2026-09-23T22:04:47.667420+00:00,28.73,O,0,partial
2026-09-27T09:27:55.841877+00:00,9106,2026-09-29,Dana White's Contender Series: Contender Series 2026: Week 8,dwcs,ilias-bulaid-vs-erick-viscondi-80583,T2ZmZXJOb2RlOjEwMzc0NzEyMA==,T3V0Y29tZU5vZGU6Njg4MjYzMQ==,Polymarket,exchange,DISTANCE,A_4,A_2,Fight goes the distance,Fight ends inside distance,,,Fight to Go the Distance? - Yes,,0,-1900,-9900,-1900,-9900,2026-09-27T08:49:13.206766+00:00,2026-09-23T22:04:47.648482+00:00,0.65,O,0,partial
2026-09-27T09:27:55.841877+00:00,9106,2026-09-29,Dana White's Contender Series: Contender Series 2026: Week 8,dwcs,ilias-bulaid-vs-erick-viscondi-80583,T2ZmZXJOb2RlOjEwMzc0NzEyMA==,T3V0Y29tZU5vZGU6Njg4MjYzMg==,Polymarket,exchange,DISTANCE,A_4,A_2,Fight goes the distance,Fight ends inside distance,,,Fight to Go the Distance? - No,,1,-1567,-9900,-1329,-9900,2026-09-27T08:49:13.206766+00:00,2026-09-23T22:04:47.648482+00:00,0.65,O,0,partial
